MS_system,node,Degree Centrality,Norm. Degree Centrality,In-degree Centrality,Norm. In-degree Centrality,Out-degree Centrality,Norm. Out-degree Centrality,Eigenvector Centrality,Betweenness Centrality,Closeness Centrality,PageRank Centrality,Hub Score,Authority Score
Basilisk,benchmark-service,3,0.75,2,0.5,1,0.25,0.500000265487548,0.16666666666666666,0.5714285714285714,0.24594541923542032,-3.9252311467094385e-17,0.5000000000000001
Basilisk,repository-service,3,0.75,2,0.5,1,0.25,0.500000265487548,0.16666666666666666,0.5714285714285714,0.24594541923542032,-3.9252311467094385e-17,0.5
Basilisk,rabbitmq,4,1.0,2,0.5,2,0.5,0.7071064057294598,0.3333333333333333,0.6666666666666666,0.44810916152915964,0.5,-7.850462293418878e-17
Basilisk,database-benchmark-service,1,0.25,0,0.0,1,0.25,7.509123813184332e-07,0.0,0.0,0.030000000000000006,0.25000000000000006,-0.0
Basilisk,database-repository-service,1,0.25,0,0.0,1,0.25,7.509123813184332e-07,0.0,0.0,0.030000000000000006,0.24999999999999997,-0.0
blog-microservices,recommendation-service,2,0.2,1,0.1,1,0.1,9.834264676732177e-08,0.0,0.1,0.03857767966970804,0.09020693386306192,0.09461982226327795
blog-microservices,product-service,2,0.2,1,0.1,1,0.1,9.834264676732177e-08,0.0,0.1,0.03857767966970804,0.09020693386306192,0.09461982226327795
blog-microservices,review-service,2,0.2,1,0.1,1,0.1,9.834264676732177e-08,0.0,0.1,0.03857767966970804,0.09020693386306192,0.09461982226327795
blog-microservices,composite-service,2,0.2,1,0.1,1,0.1,9.834264676732177e-08,0.0,0.1,0.03857767966970804,0.09020693386306192,0.09461982226327795
blog-microservices,monitor-dashboard,2,0.2,2,0.2,0,0.0,1.4259683781261654e-06,0.0,0.2,0.054973197257599894,-0.0,0.12563361490496386
blog-microservices,auth-server,1,0.1,1,0.1,0,0.0,9.834264676732177e-08,0.0,0.1,0.03857767966970804,-0.0,0.09461982226327795
blog-microservices,config-server,9,0.9,0,0.0,9,0.9,3.5122373845472056e-09,0.0,0.0,0.035248640650005,0.44626175653164296,-0.0
blog-microservices,turbine-server,3,0.30000000000000004,1,0.1,2,0.2,9.834264676732177e-08,0.0,0.1,0.03857767966970804,0.14627241152997109,0.09461982226327795
blog-microservices,edge-server,3,0.30000000000000004,2,0.2,1,0.1,0.7071067829258826,0.011111111111111112,0.2,0.24698484713475471,2.0220039703226439e-19,0.1045083872940641
blog-microservices,discovery-server,6,0.6000000000000001,6,0.6000000000000001,0,0.0,6.736471303561539e-06,0.0,0.6,0.18613733796073467,-0.0,0.20213906422130448
blog-microservices,user,2,0.2,1,0.1,1,0.1,0.7071067794136452,0.0,0.13333333333333333,0.24518989897865762,0.04663809648613828,4.530981964570988e-19
DentalAppointment,appointment-service,5,0.41666666666666663,3,0.25,2,0.16666666666666666,0.3162256219387967,0.045454545454545456,0.2976190476190476,0.11488011396218552,0.09526052255089842,0.23012235941735817
DentalAppointment,approval-service,4,0.3333333333333333,2,0.16666666666666666,2,0.16666666666666666,0.15811262071745852,0.03787878787878788,0.1875,0.08061761370796437,0.17953757886640695,0.15461047373664927
DentalAppointment,hospital-manage-service,3,0.25,3,0.25,0,0.0,0.47434162360404014,0.0,0.34027777777777785,0.129442178006859,-0.0,0.194676189973697
DentalAppointment,gateway-service,6,0.5,1,0.08333333333333333,5,0.41666666666666663,0.1581125889106327,0.045454545454545456,0.08333333333333333,0.07861349789125072,0.3676029259743102,-4.812216526038201e-17
DentalAppointment,message-service,5,0.41666666666666663,3,0.25,2,0.16666666666666666,0.3162256219387967,0.06060606060606061,0.2976190476190476,0.11488011396218552,0.022488630797865842,0.23012235941735823
DentalAppointment,personal-info-service,3,0.25,3,0.25,0,0.0,0.6324580387580196,0.0,0.3970588235294118,0.16490263812858327,-0.0,0.04952423143284252
DentalAppointment,database-appointment-service,1,0.08333333333333333,0,0.0,1,0.08333333333333333,1.1780305870669537e-09,0.0,0.0,0.03635359655212954,0.08976878943320347,-0.0
DentalAppointment,database-approval-service,1,0.08333333333333333,0,0.0,1,0.08333333333333333,1.1780305870669537e-09,0.0,0.0,0.03635359655212954,0.06031224039321314,-0.0
DentalAppointment,database-hospital-manage-service,1,0.08333333333333333,0,0.0,1,0.08333333333333333,1.1780305870669537e-09,0.0,0.0,0.03635359655212954,0.07594153801331534,-0.0
DentalAppointment,database-message-service,1,0.08333333333333333,0,0.0,1,0.08333333333333333,1.1780305870669537e-09,0.0,0.0,0.03635359655212954,0.08976878943320349,-0.0
DentalAppointment,database-personal-info-service,1,0.08333333333333333,0,0.0,1,0.08333333333333333,1.1780305870669537e-09,0.0,0.0,0.03635359655212954,0.01931898453758307,-0.0
DentalAppointment,user,2,0.16666666666666666,1,0.08333333333333333,1,0.08333333333333333,0.1581125889106327,0.0,0.08333333333333333,0.04971770072929993,-1.8772050361670346e-17,0.13281899544325204
DentalAppointment,mail-server,1,0.08333333333333333,1,0.08333333333333333,0,0.0,0.31622900406461213,0.0,0.23076923076923078,0.08517816085102418,-0.0,0.008125390578842826
geocoder-microservices,geocoderlocal-service,3,0.375,2,0.25,1,0.125,0.23497890214664843,0.0,0.3828125,0.05930807302612387,0.07186581211274495,0.16391962803534313
geocoder-microservices,zuul-gateway,5,0.625,3,0.375,2,0.25,0.5765340294753317,0.30357142857142855,0.5104166666666667,0.2730709909276808,0.06211168144262454,0.1310619008870879
geocoder-microservices,geocoderremote-service,4,0.5,3,0.375,1,0.125,0.23497890214664946,0.026785714285714284,0.4083333333333333,0.0663914063594572,0.07186581211274495,0.2021629667320713
geocoder-microservices,hystrix-dashboard,3,0.375,2,0.25,1,0.125,2.8676103667967156e-05,0.0,0.125,0.12685185185185185,0.040001225194758225,0.1156166479110435
geocoder-microservices,eureka-discovery,5,0.625,4,0.5,1,0.125,0.5350062397161907,0.21428571428571427,0.5568181818181818,0.16615367764308314,0.04534499751170108,0.20771574509095878
geocoder-microservices,configurator,6,0.75,0,0.0,6,0.75,2.6080764353531077e-17,0.0,0.0,0.01666666666666667,0.339433521740874,-0.0
geocoder-microservices,auth-service,6,0.75,3,0.375,3,0.375,0.36806702283094644,0.2232142857142857,0.47115384615384615,0.14216755565145694,0.19852362980384253,0.160597210480407
geocoder-microservices,mongodb,2,0.25,0,0.0,2,0.25,2.6080764353531077e-17,0.0,0.0,0.01666666666666667,0.12550832256900865,-0.0
geocoder-microservices,user,2,0.25,1,0.125,1,0.125,0.36806702283094433,0.0,0.3402777777777778,0.13272311120701252,0.04534499751170108,0.018925900863088402
java-microservice,oauth,5,0.4545454545454546,3,0.2727272727272727,2,0.18181818181818182,2.3855443044387e-09,0.0012987012987012985,0.29090909090909095,0.05011800889431252,0.07065271237441552,0.10906542627844049
java-microservice,admin,9,0.8181818181818182,2,0.18181818181818182,7,0.6363636363636364,9.258257326411506e-12,0.0012987012987012985,0.20454545454545453,0.044691252345250176,0.18959530806918817,0.07335761153163974
java-microservice,api-gateway,5,0.4545454545454546,3,0.2727272727272727,2,0.18181818181818182,2.3855443044387e-09,0.0012987012987012985,0.29090909090909095,0.05011800889431252,0.07065271237441552,0.1090654262784405
java-microservice,eureka-server,9,0.8181818181818182,8,0.7272727272727273,1,0.09090909090909091,0.009042635872507726,0.0012987012987012985,0.7575757575757576,0.16835721513501692,0.03223461216989352,0.17763487538339123
java-microservice,mailer,6,0.5454545454545454,4,0.36363636363636365,2,0.18181818181818182,7.063001222794096e-05,0.01948051948051948,0.40909090909090906,0.09444380263199798,0.07065271237441552,0.113696597132821
java-microservice,user,5,0.4545454545454546,3,0.2727272727272727,2,0.18181818181818182,2.3855443044387e-09,0.0012987012987012985,0.29090909090909095,0.05011800889431252,0.07065271237441552,0.1090654262784405
java-microservice,config-server,9,0.8181818181818182,1,0.09090909090909091,8,0.7272727272727273,2.39851226072837e-14,0.08181818181818182,0.09090909090909091,0.06346133554616115,0.20546077403978802,2.425221629835198e-18
java-microservice,reminder,6,0.5454545454545454,3,0.2727272727272727,3,0.2727272727272727,2.3855443044387e-09,0.02857142857142857,0.29090909090909095,0.05011800889431252,0.08146759997823111,0.1090654262784405
java-microservice,zookeeper,8,0.7272727272727273,0,0.0,8,0.7272727272727273,3.1109108440056706e-17,0.0,0.0,0.03430383697190369,0.18404104947371006,-0.0
java-microservice,kafka,3,0.2727272727272727,2,0.18181818181818182,1,0.09090909090909091,4.592173025895716e-07,0.00909090909090909,0.25252525252525254,0.052148563181853486,0.0245898067715271,0.05000510700846783
java-microservice,github-repository,1,0.09090909090909091,0,0.0,1,0.09090909090909091,3.1109108440056706e-17,0.0,0.0,0.03430383697190369,5.245164126249861e-19,-0.0
java-microservice,logstash,8,0.7272727272727273,8,0.7272727272727273,0,0.0,0.9999591120379211,0.0,0.7857142857142857,0.30781812163866284,-0.0,0.14904410382991826
jhipster-microservices-example,blog,3,0.75,2,0.5,1,0.25,0.508792420940552,0.0,0.6666666666666666,0.2288308113938837,0.07265292451305848,0.2634462306963543
jhipster-microservices-example,jhipster-registry,8,2.0,4,1.0,4,1.0,0.6344553044127323,0.5833333333333333,0.8,0.3415171291111937,0.38250286520617083,0.38699080242818634
jhipster-microservices-example,store,2,0.5,1,0.25,1,0.25,0.2823597200194308,0.0,0.5,0.10257269362977,0.14802509073721645,0.1596221033635004
jhipster-microservices-example,github-repository,1,0.25,0,0.0,1,0.25,8.755132991548683e-10,0.0,0.0,0.030000000000000006,0.14802509073721645,-0.0
jhipster-microservices-example,user,4,1.0,2,0.5,2,0.5,0.508792420940552,0.16666666666666666,0.6666666666666666,0.2970793658651528,0.24879402880633786,0.18994086351195885
micro_webshop,zuul,3,0.2727272727272727,2,0.18181818181818182,1,0.09090909090909091,0.7071093113978018,0.09090909090909091,0.4782608695652174,0.39418364659948796,-1.615028069402281e-17,-0.0
micro_webshop,eureka,7,0.6363636363636364,6,0.5454545454545454,1,0.09090909090909091,5.481923110155725e-06,0.16363636363636364,0.6136363636363636,0.10148437499999999,-0.0,0.5731230251490412
micro_webshop,user-proxy,2,0.18181818181818182,0,0.0,2,0.18181818181818182,2.809801696645682e-09,0.0,0.0,0.0125,0.1616571578817699,-0.0
micro_webshop,product-service,3,0.2727272727272727,2,0.18181818181818182,1,0.09090909090909091,1.4329988652892978e-07,0.02727272727272727,0.18181818181818182,0.026666666666666665,0.13351754918068287,0.15304396339383775
micro_webshop,category-service,3,0.2727272727272727,2,0.18181818181818182,1,0.09090909090909091,1.4329988652892978e-07,0.02727272727272727,0.18181818181818182,0.026666666666666665,0.13351754918068287,0.15304396339383788
micro_webshop,security-service,3,0.2727272727272727,2,0.18181818181818182,1,0.09090909090909091,1.4329988652892978e-07,0.02727272727272727,0.18181818181818182,0.0284375,0.13351754918068287,0.12078904806328318
micro_webshop,product-proxy,3,0.2727272727272727,0,0.0,3,0.2727272727272727,2.809801696645682e-09,0.0,0.0,0.0125,0.2048252929375472,-0.0
micro_webshop,auth-server,1,0.09090909090909091,0,0.0,1,0.09090909090909091,2.809801696645682e-09,0.0,0.0,0.0125,0.13351754918068287,-0.0
micro_webshop,database-product-service,1,0.09090909090909091,0,0.0,1,0.09090909090909091,2.809801696645682e-09,0.0,0.0,0.0125,0.03565387187843214,-0.0
micro_webshop,database-category-service,1,0.09090909090909091,0,0.0,1,0.09090909090909091,2.809801696645682e-09,0.0,0.0,0.0125,0.03565387187843218,-0.0
micro_webshop,database-security-service,1,0.09090909090909091,0,0.0,1,0.09090909090909091,2.809801696645682e-09,0.0,0.0,0.0125,0.028139608701087025,-0.0
micro_webshop,user,2,0.18181818181818182,1,0.09090909090909091,1,0.09090909090909091,0.7071042509449461,0.0,0.3333333333333333,0.3475611450671787,-0.0,-6.932495230150367e-17
microservice,order,6,1.0,2,0.3333333333333333,4,0.6666666666666666,0.39223229971436085,0.02222222222222222,0.42857142857142855,0.11054484935358364,0.38767329106604664,0.22917905496133217
microservice,eureka,5,0.8333333333333333,4,0.6666666666666666,1,0.16666666666666666,0.5883481051461716,0.5,0.6666666666666666,0.2510596654103399,2.7708621277533305e-18,0.20441727577991997
microservice,turbine,1,0.16666666666666666,0,0.0,1,0.16666666666666666,7.653897101502979e-08,0.0,0.0,0.021428571428571432,0.08884659848026602,-0.0
microservice,catalog,3,0.5,2,0.3333333333333333,1,0.16666666666666666,0.39223229971436085,0.02222222222222222,0.5,0.11054484935358364,0.08884659848026602,0.22917905496133217
microservice,zuul,6,1.0,2,0.3333333333333333,4,0.6666666666666666,0.3922323762533319,0.6333333333333333,0.6,0.3088231222209186,0.3457869134931553,6.375169082504559e-18
microservice,customer,3,0.5,2,0.3333333333333333,1,0.16666666666666666,0.39223229971436085,0.02222222222222222,0.5,0.11054484935358364,0.08884659848026602,0.22917905496133217
microservice,user,2,0.3333333333333333,1,0.16666666666666666,1,0.16666666666666666,0.19611664736049203,0.0,0.4,0.08705409287941888,2.7708621277533305e-18,0.10804555933608356
microservice-consul,customer,3,0.6000000000000001,2,0.4,1,0.2,0.2891396150024189,0.0,0.44999999999999996,0.1293212700594241,0.10997437384888377,0.2078543847943136
microservice-consul,order,6,1.2000000000000002,2,0.4,4,0.8,0.2891396150024189,0.0,0.26666666666666666,0.1293212700594241,0.3673313179748109,0.20785438479431353
microservice-consul,catalog,3,0.6000000000000001,2,0.4,1,0.2,0.2891396150024189,0.0,0.44999999999999996,0.1293212700594241,0.10997437384888377,0.20785438479431353
microservice-consul,apache,6,1.2000000000000002,1,0.2,5,1.0,0.000929709372998132,0.2,0.2,0.16102921693153757,0.41271993432742154,-8.000573024008783e-19
microservice-consul,consul,4,0.8,4,0.8,0,0.0,0.8655594262612606,0.0,0.8333333333333334,0.34916633608381514,-0.0,0.2664624717681754
microservice-consul,user,2,0.4,1,0.2,1,0.2,0.000929709372998132,0.0,0.2,0.1018406368063752,-3.3019959730506454e-19,0.1099743738488838
microservice-kafka,invoicing,4,0.5714285714285714,3,0.42857142857142855,1,0.14285714285714285,0.49999625185731844,0.023809523809523808,0.6363636363636364,0.20967614801577927,0.021446194674133518,0.28525311928226
microservice-kafka,order,4,0.7142857142857142,3,0.42857142857142855,2,0.2857142857142857,2.711821727157851e-05,0.023809523809523808,0.3214285714285714,0.057493035518853854,0.11116040025894565,0.2539947771541337
microservice-kafka,shipping,4,0.5714285714285714,3,0.42857142857142855,1,0.14285714285714285,0.49999625185731844,0.023809523809523808,0.6363636363636364,0.20967614801577927,0.021446194674133518,0.28525311928226005
microservice-kafka,zookeeper,1,0.14285714285714285,0,0.0,1,0.14285714285714285,3.61866216366515e-25,0.0,0.0,0.018750000000000003,0.021446194674133518,-0.0
microservice-kafka,kafka,6,0.8571428571428571,4,0.5714285714285714,2,0.2857142857142857,0.707112081300041,0.14285714285714285,0.6363636363636364,0.4155745769164068,0.20151010405594177,0.06071749063096961
microservice-kafka,apache,4,0.7142857142857142,1,0.14285714285714285,4,0.5714285714285714,8.344066852793387e-07,0.09523809523809523,0.14285714285714285,0.04233409610983982,0.3317666020219581,2.057014434601978e-17
microservice-kafka,postgres,3,0.42857142857142855,0,0.0,3,0.42857142857142855,3.61866216366515e-25,0.0,0.0,0.018750000000000003,0.2912243096407539,-0.0
microservice-kafka,user,2,0.2857142857142857,1,0.14285714285714285,1,0.14285714285714285,8.344066852793387e-07,0.0,0.14285714285714285,0.027745995423340962,7.265638212899944e-18,0.11478149365037663
microservices-basics-spring-boot,web-portal,2,0.2,1,0.1,1,0.1,4.5940255338611345e-08,0.0,0.13333333333333333,0.01797914250430814,0.09083565844014033,0.10083250778659829
microservices-basics-spring-boot,user-webservice,2,0.2,1,0.1,1,0.1,4.5940255338611345e-08,0.0,0.13333333333333333,0.01797914250430814,0.09083565844014033,0.10083250778659825
microservices-basics-spring-boot,api-gateway,4,0.4,3,0.30000000000000004,1,0.1,0.7071090452589373,0.08888888888888889,0.54,0.3964300288550945,-0.0,0.12630350636455567
microservices-basics-spring-boot,comments-webservice,3,0.30000000000000004,2,0.2,1,0.1,4.767882004752669e-07,0.0,0.22499999999999998,0.0256202780686391,0.09083565844014033,0.1380935431515458
microservices-basics-spring-boot,auth-server,2,0.2,1,0.1,1,0.1,4.5940255338611345e-08,0.0,0.13333333333333333,0.01797914250430814,0.09083565844014033,0.10083250778659825
microservices-basics-spring-boot,webservice-registry,7,0.7000000000000001,6,0.6000000000000001,1,0.1,5.130557139788221e-06,0.11111111111111112,0.6124999999999999,0.0932443278129681,0.0495715596383621,0.2314404115509073
microservices-basics-spring-boot,task-webservice,3,0.30000000000000004,1,0.1,2,0.2,4.5940255338611345e-08,0.0,0.13333333333333333,0.01797914250430814,0.1450345679324157,0.10083250778659825
microservices-basics-spring-boot,configserver,9,0.9,1,0.1,8,0.8,3.1610267434824314e-09,0.1,0.1,0.0277974728716386,0.3924796790302987,-0.0
microservices-basics-spring-boot,zipkin-tracing,1,0.1,1,0.1,0,0.0,4.5940255338611345e-08,0.0,0.13333333333333333,0.01797914250430814,-0.0,0.10083250778659825
microservices-basics-spring-boot,github-repository,1,0.1,0,0.0,1,0.1,1.0536755811608108e-10,0.0,0.0,0.01502566101169654,-0.0,-0.0
microservices-basics-spring-boot,user,2,0.2,1,0.1,1,0.1,0.7071045170881273,0.0,0.3521739130434783,0.3519865188584221,0.0495715596383621,-0.0
piggymetrics,statistics-service,7,0.4375,5,0.3125,2,0.125,0.2730829719416604,0.10902777777777777,0.3828125,0.07930471443372962,0.04922911927126523,0.15741938088112117
piggymetrics,account-service,6,0.375,4,0.25,2,0.125,0.27308295284801143,0.0673611111111111,0.35000000000000003,0.06807814433317301,0.04922911927126523,0.14646713913706577
piggymetrics,notification-service,7,0.4375,4,0.25,3,0.1875,0.27308295284801143,0.12152777777777776,0.35000000000000003,0.06807814433317301,0.05265416904650857,0.14646713913706577
piggymetrics,config,8,0.5,0,0.0,8,0.5,1.1231558256650497e-09,0.0,0.0,0.013207722673204941,0.23851359679784415,-0.0
piggymetrics,turbine-stream-service,4,0.25,2,0.125,2,0.125,0.19550289601821827,0.0875,0.3223684210526316,0.09547394869499456,0.05873498925793876,0.06336573699784628
piggymetrics,registry,7,0.4375,6,0.375,1,0.0625,0.5853321261694794,0.24583333333333332,0.532608695652174,0.14904701074382437,0.017835117056048597,0.15044849536646102
piggymetrics,monitoring,2,0.125,2,0.125,0,0.0,0.09550615281380126,0.0,0.2704326923076923,0.05518877463773758,-0.0,0.07383298875592045
piggymetrics,auth-service,7,0.4375,3,0.1875,4,0.25,0.18346168617520892,0.04375,0.3141025641025641,0.05614679665160206,0.15733848128418843,0.10466713713070394
piggymetrics,gateway,8,0.5,3,0.1875,5,0.3125,0.3755588457685097,0.2791666666666667,0.3951612903225806,0.1782880066455389,0.1554617047823443,0.06810397981449051
piggymetrics,auth-mongodb,1,0.0625,0,0.0,1,0.0625,1.1231558256650497e-09,0.0,0.0,0.013207722673204941,0.027410301831588494,-0.0
piggymetrics,rabbitmq,4,0.25,3,0.1875,1,0.0625,0.4002047078060315,0.1,0.4083333333333333,0.09513461109772081,0.016594262769632127,0.037534512235855744
piggymetrics,notification-mongodb,1,0.0625,0,0.0,1,0.0625,1.1231558256650497e-09,0.0,0.0,0.013207722673204941,0.03835691509497237,-0.0
piggymetrics,statistics-mongodb,1,0.0625,0,0.0,1,0.0625,1.1231558256650497e-09,0.0,0.0,0.013207722673204941,0.0412250956926914,-0.0
piggymetrics,account-mongodb,1,0.0625,0,0.0,1,0.0625,1.1231558256650497e-09,0.0,0.0,0.013207722673204941,0.03835691509497237,-0.0
piggymetrics,user,2,0.125,1,0.0625,1,0.0625,0.18346164798791087,0.0,0.2784090909090909,0.04351690528847588,0.017835117056048597,0.03861482556898359
piggymetrics,external-website,1,0.0625,0,0.0,1,0.0625,1.1231558256650497e-09,0.0,0.0,0.013207722673204941,0.0412250956926914,-0.0
piggymetrics,mail-server,1,0.0625,1,0.0625,0,0.0,0.13340151910105028,0.0,0.28125,0.03249660710080037,-0.0,0.013078664974485813
qbike,qbike-order,3,0.16666666666666666,2,0.1111111111111111,1,0.05555555555555555,6.124496253648257e-07,0.0784313725490196,0.25396825396825395,0.05019455252918287,-7.719658778410763e-18,0.0
qbike,qbike-intention,3,0.16666666666666666,1,0.05555555555555555,2,0.1111111111111111,7.63915661745374e-09,0.013071895424836602,0.05555555555555555,0.016611792876384313,-7.719658778410763e-18,4.943578414440617e-18
qbike,microservice-api-gateway,3,0.16666666666666666,2,0.1111111111111111,1,0.05555555555555555,0.7071097696551272,0.05228758169934641,0.3276643990929705,0.3445652386398778,9.649573473013453e-18,-4.943578414440617e-18
qbike,qbike-trip,3,0.16666666666666666,2,0.1111111111111111,1,0.05555555555555555,1.145873492618061e-07,0.00980392156862745,0.125,0.02367180484884765,-7.719658778410763e-18,0.0
qbike,eureka,5,0.2777777777777778,4,0.2222222222222222,1,0.05555555555555555,6.6679300502622944e-06,0.09803921568627451,0.390625,0.09294578718946421,-9.649573473013453e-19,-3.9548627315524936e-17
qbike,qbike-uc,2,0.1111111111111111,1,0.05555555555555555,1,0.05555555555555555,7.63915661745374e-09,0.00980392156862745,0.05555555555555555,0.016611792876384313,-7.719658778410763e-18,0.0
qbike,mysql,4,0.2222222222222222,4,0.2222222222222222,0,0.0,2.9766368888699032e-08,0.0,0.2222222222222222,0.024244238252020354,0.0,0.4384471871911697
qbike,rabbit,6,0.38888888888888884,6,0.3333333333333333,1,0.05555555555555555,4.4517843736195955e-08,0.0784313725490196,0.3333333333333333,0.039509129003292426,0.0,0.5615528128088303
qbike,database-qbike-order,1,0.05555555555555555,0,0.0,1,0.05555555555555555,2.634191937053014e-10,0.0,0.0,0.008979347500748278,0.0,0.0
qbike,database-qbike-intention,1,0.05555555555555555,0,0.0,1,0.05555555555555555,2.634191937053014e-10,0.0,0.0,0.008979347500748278,9.649573473013453e-19,0.0
qbike,database-qbike-trip,1,0.05555555555555555,0,0.0,1,0.05555555555555555,2.634191937053014e-10,0.0,0.0,0.008979347500748278,0.0,0.0
qbike,database-qbike-uc,1,0.05555555555555555,0,0.0,1,0.05555555555555555,2.634191937053014e-10,0.0,0.0,0.008979347500748278,0.0,0.0
qbike,user,2,0.1111111111111111,1,0.05555555555555555,1,0.05555555555555555,0.707103792673622,0.0,0.24700854700854702,0.30185218877706366,-9.649573473013453e-19,4.9435784144406173e-17
qbike,uc,2,0.1111111111111111,0,0.0,2,0.1111111111111111,2.634191937053014e-10,0.0,0.0,0.008979347500748278,0.1951941016011038,0.0
qbike,intention,2,0.1111111111111111,0,0.0,2,0.1111111111111111,2.634191937053014e-10,0.0,0.0,0.008979347500748278,0.1951941016011038,0.0
qbike,position,2,0.1111111111111111,0,0.0,2,0.1111111111111111,2.634191937053014e-10,0.0,0.0,0.008979347500748278,0.1951941016011038,0.0
qbike,order,2,0.1111111111111111,0,0.0,2,0.1111111111111111,2.634191937053014e-10,0.0,0.0,0.008979347500748278,0.1951941016011038,0.0
qbike,api-gateway,1,0.05555555555555555,0,0.0,1,0.05555555555555555,2.634191937053014e-10,0.0,0.0,0.008979347500748278,0.10961179679779243,0.0
qbike,zipkin,1,0.05555555555555555,0,0.0,1,0.05555555555555555,2.634191937053014e-10,0.0,0.0,0.008979347500748278,0.10961179679779243,0.0
sample-spring-cloud-webflux,account-service,2,0.5,1,0.25,1,0.25,0.3768150168973653,0.08333333333333333,0.5,0.13073629420628416,-0.0,0.33333333333333337
sample-spring-cloud-webflux,gateway-service,5,1.25,2,0.5,3,0.75,0.5732796446078026,0.8333333333333333,0.6666666666666666,0.3555404208343198,1.0,-0.0
sample-spring-cloud-webflux,customer-service,2,0.5,1,0.25,1,0.25,0.3768150168973653,0.08333333333333333,0.5,0.13073629420628416,-0.0,0.3333333333333333
sample-spring-cloud-webflux,discovery-service,3,0.75,2,0.5,1,0.25,0.49536025092882285,0.5,0.5714285714285714,0.2522506965468279,-0.0,-0.0
sample-spring-cloud-webflux,user,2,0.5,1,0.25,1,0.25,0.3768150168973653,0.0,0.4444444444444444,0.13073629420628416,-0.0,0.3333333333333333
sample-spring-microservices-new,employee-service,6,0.8571428571428571,4,0.5714285714285714,2,0.2857142857142857,0.4083148800996026,0.02182539682539682,0.6428571428571428,0.13167996845528612,0.1115277277408382,0.21603987536902294
sample-spring-microservices-new,config-service,4,0.7142857142857142,0,0.0,4,0.7142857142857142,2.4671121411124784e-08,0.0,0.0,0.03800070973584237,0.22479919592205597,-0.0
sample-spring-microservices-new,department-service,6,0.8571428571428571,3,0.42857142857142855,3,0.42857142857142855,0.26705652576526745,0.02182539682539682,0.5142857142857142,0.10260790197717859,0.17572801422698775,0.17129085371625075
sample-spring-microservices-new,gateway-service,8,1.1428571428571428,3,0.42857142857142855,4,0.7142857142857142,0.330215558751482,0.4107142857142857,0.5714285714285714,0.2362584692097282,0.2212243587790352,0.0674539617075467
sample-spring-microservices-new,organization-service,6,0.8571428571428571,2,0.2857142857142857,4,0.5714285714285714,0.17466682740657394,0.02182539682539682,0.42857142857142855,0.08462512555921958,0.22663029262469708,0.11357960080960311
sample-spring-microservices-new,discovery-service,4,0.7142857142857142,4,0.5714285714285714,1,0.14285714285714285,0.4496243538171184,0.21428571428571427,0.5714285714285714,0.14747938705558988,0.02004520535319287,0.1881057014175452
sample-spring-microservices-new,zipkin,4,0.5714285714285714,4,0.5714285714285714,0,0.0,0.6242904164189287,0.0,0.7,0.1811834759249462,-0.0,0.18719537152266819
sample-spring-microservices-new,user,2,0.2857142857142857,1,0.14285714285714285,1,0.14285714285714285,0.1746664573397528,0.0,0.36734693877551017,0.07816496208220912,0.02004520535319287,0.0563346354573631
scaffold-cloud,scaffold-txmanager,1,0.09090909090909091,0,0.0,1,0.09090909090909091,1.2968319825821219e-08,0.0,0.0,0.0125,0.10961179679779245,-0.0
scaffold-cloud,scaffold-business-thirdparty-service,1,0.09090909090909091,0,0.0,1,0.09090909090909091,1.2968319825821219e-08,0.0,0.0,0.0125,0.10961179679779245,-0.0
scaffold-cloud,scaffold-business-job-service,1,0.09090909090909091,0,0.0,1,0.09090909090909091,1.2968319825821219e-08,0.0,0.0,0.0125,0.10961179679779245,-0.0
scaffold-cloud,scaffold-business-sys-service,1,0.09090909090909091,0,0.0,1,0.09090909090909091,1.2968319825821219e-08,0.0,0.0,0.0125,0.10961179679779245,-0.0
scaffold-cloud,scaffold-zuul,3,0.2727272727272727,2,0.18181818181818182,1,0.09090909090909091,0.707109569357142,0.09090909090909091,0.55,0.4120835370422921,-0.0,-9.959918968813853e-17
scaffold-cloud,demo,2,0.18181818181818182,1,0.09090909090909091,1,0.09090909090909091,3.112396758197093e-07,0.0,0.09090909090909091,0.017812500000000002,0.10961179679779245,0.10961179679779243
scaffold-cloud,scaffold-config-server,2,0.18181818181818182,0,0.0,2,0.18181818181818182,1.2968319825821219e-08,0.0,0.0,0.0125,0.12310562561766059,-0.0
scaffold-cloud,scaffold-eureka,10,0.9090909090909092,9,0.8181818181818182,1,0.09090909090909091,5.978395439703578e-06,0.16363636363636364,0.8181818181818182,0.107328125,-1.226122055757034e-17,0.8903882032022077
scaffold-cloud,scaffold-route-openapi,1,0.09090909090909091,0,0.0,1,0.09090909090909091,1.2968319825821219e-08,0.0,0.0,0.0125,0.10961179679779245,-0.0
scaffold-cloud,scaffold-route-app,1,0.09090909090909091,0,0.0,1,0.09090909090909091,1.2968319825821219e-08,0.0,0.0,0.0125,0.10961179679779245,-0.0
scaffold-cloud,scaffold-route-operate,1,0.09090909090909091,0,0.0,1,0.09090909090909091,1.2968319825821219e-08,0.0,0.0,0.0125,0.10961179679779245,-0.0
scaffold-cloud,user,2,0.18181818181818182,1,0.09090909090909091,1,0.09090909090909091,0.7071039929796168,0.0,0.36666666666666664,0.3627758379577079,-1.226122055757034e-17,-0.0
spring-boot-microservices,web-portal,2,0.2222222222222222,1,0.1111111111111111,1,0.1111111111111111,4.5940255338611385e-08,0.0,0.14814814814814814,0.01836964285714286,0.09766765138278026,0.10839018605518222
spring-boot-microservices,user-webservice,2,0.2222222222222222,1,0.1111111111111111,1,0.1111111111111111,4.5940255338611385e-08,0.0,0.14814814814814814,0.01836964285714286,0.09766765138278026,0.10839018605518223
spring-boot-microservices,api-gateway,4,0.4444444444444444,3,0.3333333333333333,1,0.1111111111111111,0.7071090452589381,0.1111111111111111,0.6,0.40396171526691543,1.2584019054091903e-18,0.13839053848437974
spring-boot-microservices,comments-webservice,3,0.3333333333333333,2,0.2222222222222222,1,0.1111111111111111,4.767882004752674e-07,0.0,0.25,0.026176741071428575,0.09766765138278026,0.15478646616345756
spring-boot-microservices,auth-server,2,0.2222222222222222,1,0.1111111111111111,1,0.1111111111111111,4.5940255338611385e-08,0.0,0.14814814814814814,0.01836964285714286,0.09766765138278026,0.10839018605518223
spring-boot-microservices,webservice-registry,6,0.7777777777777777,6,0.6666666666666666,1,0.1111111111111111,5.130557139788223e-06,0.1388888888888889,0.6805555555555556,0.09526956026785714,0.049462663838140505,0.2732622511314337
spring-boot-microservices,task-webservice,3,0.3333333333333333,1,0.1111111111111111,2,0.2222222222222222,4.5940255338611385e-08,0.0,0.14814814814814814,0.01836964285714286,0.1529904431457516,0.10839018605518223
spring-boot-microservices,configserver,8,0.8888888888888888,1,0.1111111111111111,6,0.7777777777777777,3.161026743482435e-09,0.1111111111111111,0.1111111111111111,0.027750000000000004,0.3574136236468463,3.520856011500539e-18
spring-boot-microservices,github-repository,1,0.1111111111111111,0,0.0,1,0.1111111111111111,1.0536755811608118e-10,0.0,0.0,0.015000000000000003,1.2584019054091903e-18,-0.0
spring-boot-microservices,user,2,0.2222222222222222,1,0.1111111111111111,1,0.1111111111111111,0.707104517088128,0.0,0.391304347826087,0.3583634119652274,0.049462663838140505,3.520856011500539e-18
spring-boot-microservices-workshop,movie-info-service,2,0.6666666666666666,1,0.3333333333333333,1,0.3333333333333333,0.00141043442971899,0.0,0.3333333333333333,0.18250774704106643,0.25,0.25000000000000006
spring-boot-microservices-workshop,ratings-data-service,2,0.6666666666666666,1,0.3333333333333333,1,0.3333333333333333,0.00141043442971899,0.0,0.3333333333333333,0.18250774704106643,0.25,0.25
spring-boot-microservices-workshop,movie-catalog-service,3,1.0,0,0.0,3,1.0,1.989329237967547e-06,0.0,0.0,0.14221347058250372,0.5000000000000001,-0.0
spring-boot-microservices-workshop,discovery-server,3,1.0,3,1.0,0,0.0,0.9999980106707621,0.0,1.0,0.49277103533536337,-0.0,0.49999999999999994
spring-cloud-movie-recommendation,recommendation-service,3,0.42857142857142855,2,0.2857142857142857,1,0.14285714285714285,0.31598921554896514,0.015873015873015872,0.5,0.09273346170180467,0.07402139068200077,0.19582538145646758
spring-cloud-movie-recommendation,config-service,6,0.8571428571428571,1,0.14285714285714285,4,0.7142857142857142,2.39575564424686e-07,0.14285714285714285,0.14285714285714285,0.0346875,0.377996918129103,3.6461407917005325e-18
spring-cloud-movie-recommendation,recommendation-client,7,1.0,3,0.42857142857142855,4,0.5714285714285714,0.5282388842636464,0.45238095238095233,0.6363636363636364,0.32040694725388874,0.27613924504131954,0.15022026421252327
spring-cloud-movie-recommendation,eureka-service,4,0.7142857142857142,4,0.5714285714285714,1,0.14285714285714285,0.5670698640650034,0.2857142857142857,0.6363636363636364,0.26111858093889223,0.061899832391787514,0.1796372047544321
spring-cloud-movie-recommendation,user-service,3,0.42857142857142855,2,0.2857142857142857,1,0.14285714285714285,0.31598921554896514,0.015873015873015872,0.5,0.09273346170180467,0.07402139068200077,0.19582538145646755
spring-cloud-movie-recommendation,movie-service,3,0.42857142857142855,2,0.2857142857142857,1,0.14285714285714285,0.31598921554896514,0.015873015873015872,0.5,0.09273346170180467,0.07402139068200077,0.19582538145646755
spring-cloud-movie-recommendation,github-repository,1,0.14285714285714285,0,0.0,1,0.14285714285714285,1.3309753579149223e-08,0.0,0.0,0.018750000000000003,1.5024304814417113e-18,-0.0
spring-cloud-movie-recommendation,user,2,0.2857142857142857,1,0.14285714285714285,1,0.14285714285714285,0.3159871791566675,0.0,0.4117647058823529,0.08683658670180468,0.061899832391787514,0.08266638666364198
spring-netflix-oss-microservices,monitor-dashboard,3,0.2727272727272727,2,0.18181818181818182,1,0.09090909090909091,0.0016791719413551546,0.0,0.25252525252525254,0.028357275168574565,0.09023318953468268,0.1488018306360031
spring-netflix-oss-microservices,card-statement-composite,2,0.18181818181818182,1,0.09090909090909091,1,0.09090909090909091,6.456561343433606e-251,0.0,0.12121212121212122,0.015308035714285715,0.09023318953468268,0.10000564625120455
spring-netflix-oss-microservices,card-service,2,0.18181818181818182,1,0.09090909090909091,1,0.09090909090909091,6.456561343433606e-251,0.0,0.12121212121212122,0.015308035714285715,0.09023318953468268,0.10000564625120455
spring-netflix-oss-microservices,discovery-service,7,0.6363636363636364,6,0.5454545454545454,1,0.09090909090909091,0.003358343882710309,0.12727272727272726,0.5664335664335665,0.09149645013329151,0.044371454950520216,0.2579384235560702
spring-netflix-oss-microservices,statement-service,2,0.18181818181818182,1,0.09090909090909091,1,0.09090909090909091,6.456561343433606e-251,0.0,0.12121212121212122,0.015308035714285715,0.09023318953468268,0.10000564625120455
spring-netflix-oss-microservices,config-server,8,0.7272727272727273,1,0.09090909090909091,7,0.6363636363636364,1.539104414961144e-253,0.08181818181818182,0.09090909090909091,0.023125,0.3307352077348621,1.6137997158627764e-17
spring-netflix-oss-microservices,turbine,5,0.4545454545454546,2,0.18181818181818182,3,0.2727272727272727,0.0016791719413551546,0.09090909090909091,0.24242424242424243,0.04605613925043124,0.16137705003811842,0.11183533755997992
spring-netflix-oss-microservices,edge-server,4,0.36363636363636365,3,0.2727272727272727,1,0.09090909090909091,0.7079388904753331,0.09090909090909091,0.5,0.373714300286844,-1.505457968093264e-17,0.12683917303429965
spring-netflix-oss-microservices,rabbitmq,3,0.2727272727272727,2,0.18181818181818182,1,0.09090909090909091,0.0016791719413551546,0.045454545454545456,0.20779220779220778,0.03617423945428885,0.03912274515600141,0.05456829646003355
spring-netflix-oss-microservices,github-repository,1,0.09090909090909091,0,0.0,1,0.09090909090909091,1.8322671606680283e-256,0.0,0.0,0.0125,5.6454673803497404e-18,-0.0
spring-netflix-oss-microservices,user,2,0.18181818181818182,1,0.09090909090909091,1,0.09090909090909091,0.706259718533978,0.0,0.34375,0.3301524885637128,0.044371454950520216,-4.303465908967403e-17
spring-netflix-oss-microservices,monitor,1,0.09090909090909091,0,0.0,1,0.09090909090909091,1.8322671606680283e-256,0.0,0.0,0.0125,0.01908932903124694,-0.0
springcloudmicroservices,serviceregistry,4,0.5714285714285714,3,0.42857142857142855,1,0.14285714285714285,0.5741300802355276,0.42857142857142855,0.5833333333333334,0.25183755619593745,3.2476164585372004e-18,0.13008567871341697
springcloudmicroservices,user-service,4,0.5714285714285714,2,0.2857142857142857,2,0.2857142857142857,0.28048992980384485,0.13492063492063489,0.4375,0.09919856334421322,0.1961957203341096,0.22037582590806887
springcloudmicroservices,rating-service,3,0.42857142857142855,2,0.2857142857142857,1,0.14285714285714285,0.44117994691744084,0.015873015873015872,0.4666666666666667,0.12542081827518167,0.06656540638605561,0.2533304953321589
springcloudmicroservices,hotel-service,3,0.42857142857142855,2,0.2857142857142857,1,0.14285714285714285,0.28048992980384485,0.13492063492063489,0.4375,0.09919856334421322,0.06656540638605561,0.22037582590806887
springcloudmicroservices,api-gateway,6,0.8571428571428571,2,0.2857142857142857,4,0.5714285714285714,0.4896038158683141,0.5,0.5,0.3035834354962411,0.4451389337412031,6.346665845612198e-18
springcloudmicroservices,database-user-service,1,0.14285714285714285,0,0.0,1,0.14285714285714285,9.427222082870604e-08,0.0,0.0,0.018750000000000003,0.11276726657628804,-0.0
springcloudmicroservices,database-hotel-service,1,0.14285714285714285,0,0.0,1,0.14285714285714285,9.427222082870604e-08,0.0,0.0,0.018750000000000003,0.11276726657628804,-0.0
springcloudmicroservices,user,2,0.2857142857142857,1,0.14285714285714285,1,0.14285714285714285,0.28048851572053246,0.0,0.35,0.08326106334421322,3.2476164585372004e-18,0.1758321741382863
Tap-And-Eat-MicroServices,account-service,2,0.25,1,0.125,1,0.125,1.3267115142541953e-05,0.0,0.16666666666666666,0.06707434728122996,0.09663029763214676,0.09663029763214667
Tap-And-Eat-MicroServices,config-service,8,1.0,1,0.125,7,0.875,3.972172385559247e-08,0.125,0.125,0.10132508616575098,0.32033176314759876,1.4011115922308532e-16
Tap-And-Eat-MicroServices,foodtray-service,4,0.5,1,0.125,3,0.375,1.3267115142541953e-05,0.0,0.16666666666666666,0.06707434728122996,0.19651674869166758,0.0966302976321467
Tap-And-Eat-MicroServices,discovery-service,7,0.875,7,0.875,0,0.0,0.9999912201485119,0.0,0.8888888888888888,0.4034498030493021,-0.0,0.30165693430664425
Tap-And-Eat-MicroServices,price-service,3,0.375,2,0.25,1,0.125,0.0029630155098586816,0.0,0.28125,0.08607858290787834,0.09663029763214676,0.15591093758238436
Tap-And-Eat-MicroServices,store-service,2,0.25,1,0.125,1,0.125,1.3267115142541953e-05,0.0,0.16666666666666666,0.06707434728122996,0.09663029763214676,0.0966302976321467
Tap-And-Eat-MicroServices,customer-service,2,0.25,1,0.125,1,0.125,1.3267115142541953e-05,0.0,0.16666666666666666,0.06707434728122996,0.09663029763214676,0.0966302976321467
Tap-And-Eat-MicroServices,item-service,3,0.375,2,0.25,1,0.125,0.0029630155098586816,0.0,0.28125,0.08607858290787834,0.09663029763214676,0.15591093758238436
Tap-And-Eat-MicroServices,github-repository,1,0.125,0,0.0,1,0.125,5.937477407412925e-11,0.0,0.0,0.054770555844270034,4.4882054670584876e-17,-0.0
train-ticket_v0.0.1,ts-contacts-service,4,0.10526315789473684,3,0.07894736842105263,1,0.02631578947368421,4.8808224560365315e-08,0.0007112375533428165,0.07894736842105263,0.01753298479302776,0.014490467581042823,0.04479348771269918
train-ticket_v0.0.1,ts-admin-user-service,1,0.02631578947368421,0,0.0,1,0.02631578947368421,8.001348288584478e-10,0.0,0.0,0.013367004552363499,0.014490467581042823,-0.0
train-ticket_v0.0.1,ts-food-map-service,1,0.02631578947368421,1,0.02631578947368421,0,0.0,3.208540663722377e-07,0.0,0.047368421052631574,0.017690813072177874,-0.0,0.004692434525375626
train-ticket_v0.0.1,ts-notification-service,4,0.10526315789473684,3,0.07894736842105263,1,0.02631578947368421,4.8808224560365315e-08,0.0021337126600284497,0.07894736842105263,0.01753298479302776,-5.751527176369869e-19,0.04825912217768907
train-ticket_v0.0.1,ts-login-service,2,0.05263157894736842,0,0.0,2,0.05263157894736842,8.001348288584478e-10,0.0,0.0,0.013367004552363499,0.015458853641253045,-0.0
train-ticket_v0.0.1,ts-cancel-service,5,0.13157894736842105,0,0.0,5,0.13157894736842105,8.001348288584478e-10,0.0,0.0,0.013367004552363499,0.0527320859743278,-0.0
train-ticket_v0.0.1,ts-config-service,2,0.05263157894736842,2,0.05263157894736842,0,0.0,0.15557938191968215,0.0,0.13844393592677345,0.02075222277404817,-0.0,0.013421091876513474
train-ticket_v0.0.1,ts-assurance-service,3,0.07894736842105263,2,0.05263157894736842,1,0.02631578947368421,3.280552798319636e-08,0.0,0.05263157894736842,0.015260631934483617,0.014490467581042823,0.039618832691985295
train-ticket_v0.0.1,ts-order-other-service,11,0.2894736842105263,9,0.23684210526315788,2,0.05263157894736842,0.2655907028714275,0.007112375533428165,0.2807017543859649,0.05225631700379134,0.030694948887739038,0.0768843056471705
train-ticket_v0.0.1,ts-route-service,5,0.13157894736842105,5,0.13157894736842105,0,0.0,0.330030971151111,0.0,0.2117794486215539,0.04490081819614763,-0.0,0.027126694401465673
train-ticket_v0.0.1,ts-price-service,3,0.07894736842105263,3,0.07894736842105263,0,0.0,0.265587110266046,0.0,0.1588345864661654,0.033246136190991496,-0.0,0.009776101982650798
train-ticket_v0.0.1,ts-preserve-service,12,0.3157894736842105,0,0.0,12,0.3157894736842105,8.001348288584478e-10,0.0,0.0,0.013367004552363499,0.12131074461639095,-0.0
train-ticket_v0.0.1,ts-security-service,4,0.10526315789473684,2,0.05263157894736842,2,0.05263157894736842,3.280552798319636e-08,0.0007112375533428165,0.05263157894736842,0.015260631934483617,0.025592680450260006,0.039618832691985295
train-ticket_v0.0.1,ts-consign-service,3,0.07894736842105263,2,0.05263157894736842,1,0.02631578947368421,3.280552798319636e-08,0.001422475106685633,0.05263157894736842,0.015260631934483617,3.594704485231169e-19,0.039618832691985295
train-ticket_v0.0.1,ts-train-service,4,0.10526315789473684,4,0.10526315789473684,0,0.0,0.330030803122797,0.0,0.20215311004784692,0.03256855037211028,-0.0,0.02448066147704059
train-ticket_v0.0.1,ts-order-service,11,0.2894736842105263,9,0.23684210526315788,2,0.05263157894736842,0.26559267920445473,0.007823613086770981,0.2929061784897025,0.052991389955955176,0.030694948887739038,0.07702342573846299
train-ticket_v0.0.1,ts-verification-code-service,2,0.05263157894736842,2,0.05263157894736842,0,0.0,3.280552798319636e-08,0.0,0.05263157894736842,0.022835141462964087,-0.0,0.0058236221845575625
train-ticket_v0.0.1,ts-food-service,5,0.13157894736842105,2,0.05263157894736842,3,0.07894736842105263,3.280552798319636e-08,0.0017780938833570413,0.05263157894736842,0.015260631934483617,0.028638144732352763,0.039618832691985295
train-ticket_v0.0.1,ts-rebook-service,8,0.21052631578947367,0,0.0,8,0.21052631578947367,8.001348288584478e-10,0.0,0.0,0.013367004552363499,0.09690029959509544,-0.0
train-ticket_v0.0.1,ts-register-service,3,0.07894736842105263,0,0.0,3,0.07894736842105263,8.001348288584478e-10,0.0,0.0,0.013367004552363499,0.020082981644035203,-0.0
train-ticket_v0.0.1,ts-admin-basic-info-service,5,0.13157894736842105,0,0.0,5,0.13157894736842105,8.001348288584478e-10,0.0,0.0,0.013367004552363499,0.03158115869743243,-0.0
train-ticket_v0.0.1,ts-consign-price-service,1,0.02631578947368421,1,0.02631578947368421,0,0.0,3.208540663722377e-07,0.0,0.047368421052631574,0.02633843011180662,-0.0,2.161761888907849e-18
train-ticket_v0.0.1,ts-basic-service,5,0.13157894736842105,1,0.02631578947368421,4,0.10526315789473684,0.1555792138913681,0.0021337126600284497,0.12246963562753037,0.025545544985193916,0.026411682776233535,0.0002738240208999914
train-ticket_v0.0.1,ts-preserve-other-service,12,0.3157894736842105,0,0.0,12,0.3157894736842105,8.001348288584478e-10,0.0,0.0,0.013367004552363499,0.12048482197579725,-0.0
train-ticket_v0.0.1,ts-station-service,10,0.2631578947368421,10,0.2631578947368421,0,0.0,0.48561602522659497,0.0,0.34133126934984526,0.07857256609857717,-0.0,0.09744954074043397
train-ticket_v0.0.1,ts-route-plan-service,5,0.13157894736842105,1,0.02631578947368421,4,0.10526315789473684,1.6802831406027405e-08,0.0002370791844476055,0.02631578947368421,0.015260631934483617,0.04321923402126168,0.010618150938739619
train-ticket_v0.0.1,ts-ticketinfo-service,7,0.18421052631578946,5,0.13157894736842105,2,0.05263157894736842,0.22002295475620884,0.01422475106685633,0.17543859649122806,0.028655213930552936,0.0016711606521778847,0.06521536714601467
train-ticket_v0.0.1,ts-payment-service,1,0.02631578947368421,1,0.02631578947368421,0,0.0,4.7287968385534255e-07,0.0,0.06015037593984962,0.01927364665112158,-0.0,0.004310883205842209
train-ticket_v0.0.1,ts-inside-payment-service,6,0.15789473684210525,3,0.07894736842105263,3,0.07894736842105263,4.8808224560365315e-08,0.004267425320056899,0.07894736842105263,0.020846832711737966,0.026309519398844565,0.027808304484876725
train-ticket_v0.0.1,ts-seat-service,11,0.2894736842105263,6,0.15789473684210525,5,0.13157894736842105,0.22002297075890542,0.013513513513513514,0.17763157894736842,0.030075434467143024,0.05032838517521863,0.08109273335073215
train-ticket_v0.0.1,ts-execute-service,2,0.05263157894736842,0,0.0,2,0.05263157894736842,8.001348288584478e-10,0.0,0.0,0.013367004552363499,0.025592680450260006,-0.0
train-ticket_v0.0.1,ts-travel-plan-service,6,0.15789473684210525,0,0.0,6,0.15789473684210525,8.001348288584478e-10,0.0,0.0,0.013367004552363499,0.06480306581352911,-0.0
train-ticket_v0.0.1,ts-travel2-service,11,0.2894736842105263,6,0.15789473684210525,5,0.13157894736842105,0.15557959795608592,0.013217164532954009,0.16396761133603238,0.03166427006149543,0.045695316498595755,0.06525262301798104
train-ticket_v0.0.1,ts-travel-service,12,0.3157894736842105,7,0.18421052631578946,5,0.13157894736842105,0.15557991801001747,0.021040777619724987,0.1937799043062201,0.0359880785813098,0.04571845020350197,0.07008038711691082
train-ticket_v0.0.1,ts-admin-order-service,2,0.05263157894736842,0,0.0,2,0.05263157894736842,8.001348288584478e-10,0.0,0.0,0.013367004552363499,0.025592680450260006,-0.0
train-ticket_v0.0.1,ts-admin-travel-service,2,0.05263157894736842,0,0.0,2,0.05263157894736842,8.001348288584478e-10,0.0,0.0,0.013367004552363499,0.022503966835011057,-0.0
train-ticket_v0.0.1,ts-sso-service,11,0.2894736842105263,11,0.2894736842105263,0,0.0,0.3756084809112418,0.0,0.35695006747638325,0.11238838130180291,-0.0,0.08714190748600198
train-ticket_v0.0.1,ts-admin-route-service,1,0.02631578947368421,0,0.0,1,0.02631578947368421,8.001348288584478e-10,0.0,0.0,0.013367004552363499,0.004510785879554407,-0.0
train-ticket_v0.0.1,mail-server,1,0.02631578947368421,1,0.02631578947368421,0,0.0,4.7287968385534255e-07,0.0,0.06015037593984962,0.028270023631873517,-0.0,-3.4588190222525586e-18
train-ticket_v1.0.0,ts-contacts-service,4,0.07017543859649122,4,0.07017543859649122,0,0.0,6.926423102739218e-10,0.0,0.07017543859649122,0.018951060722391916,-0.0,0.05533849750197649
train-ticket_v1.0.0,ts-notification-service,3,0.05263157894736842,2,0.03508771929824561,1,0.017543859649122806,3.4649017473439175e-10,0.0006265664160401002,0.03508771929824561,0.017604185039811322,3.002134338690583e-19,0.007005744755617763
train-ticket_v1.0.0,ts-cancel-service,5,0.08771929824561403,0,0.0,5,0.08771929824561403,3.380391948628212e-13,0.0,0.0,0.008714805534779397,0.03478672544255606,-0.0
train-ticket_v1.0.0,ts-config-service,3,0.05263157894736842,3,0.05263157894736842,0,0.0,0.004873523469248701,0.0,0.11609907120743033,0.024324292359900922,-0.0,0.013480011150512231
train-ticket_v1.0.0,ts-assurance-service,3,0.05263157894736842,3,0.05263157894736842,0,0.0,5.195662425041571e-10,0.0,0.05263157894736842,0.01746949747155326,-0.0,0.04646693740995702
train-ticket_v1.0.0,ts-order-other-service,9,0.15789473684210525,8,0.14035087719298245,1,0.017543859649122806,0.004873789660240919,0.001644736842105263,0.18870346598202822,0.04516715338083602,0.015558628698612518,0.05095066776976392
train-ticket_v1.0.0,ts-route-service,8,0.14035087719298245,8,0.14035087719298245,0,0.0,0.0049115985599354015,0.0,0.17162471395881007,0.0408337296415006,-0.0,0.06865494089886533
train-ticket_v1.0.0,ts-price-service,3,0.05263157894736842,3,0.05263157894736842,0,0.0,0.004873435027378068,0.0,0.10964912280701754,0.022067142243911958,-0.0,0.017737336010962317
train-ticket_v1.0.0,ts-preserve-service,11,0.19298245614035087,0,0.0,11,0.19298245614035087,3.380391948628212e-13,0.0,0.0,0.008714805534779397,0.11822249630230416,-0.0
train-ticket_v1.0.0,ts-security-service,5,0.08771929824561403,3,0.05263157894736842,2,0.03508771929824561,5.195662425041571e-10,0.0012531328320802004,0.05263157894736842,0.01746949747155326,0.020516094510455465,0.04646693740995698
train-ticket_v1.0.0,ts-consign-service,4,0.07017543859649122,3,0.05263157894736842,1,0.017543859649122806,5.195662425041571e-10,0.0009398496240601503,0.05263157894736842,0.01746949747155326,-4.503201508035875e-19,0.046466937409957
train-ticket_v1.0.0,ts-train-service,8,0.14035087719298245,8,0.14035087719298245,0,0.0,0.004911554339000085,0.0,0.17162471395881007,0.037203949905192685,-0.0,0.07571149811531172
train-ticket_v1.0.0,ts-order-service,10,0.17543859649122806,9,0.15789473684210525,1,0.017543859649122806,0.004873789833316988,0.001958020050125313,0.19342105263157894,0.04640178942320156,0.015558628698612518,0.06588941650803001
train-ticket_v1.0.0,ts-food-service,6,0.10526315789473684,3,0.05263157894736842,3,0.05263157894736842,5.195662425041571e-10,0.005325814536340852,0.05263157894736842,0.01746949747155326,0.013267679809075224,0.04646693740995701
train-ticket_v1.0.0,ts-station-food-service,3,0.05263157894736842,3,0.05263157894736842,0,0.0,1.774033075032035e-07,0.0,0.07814992025518341,0.034775799765735686,-0.0,0.0027699480566886134
train-ticket_v1.0.0,ts-rebook-service,6,0.10526315789473684,0,0.0,6,0.10526315789473684,3.380391948628212e-13,0.0,0.0,0.008714805534779397,0.06846231121018,-0.0
train-ticket_v1.0.0,ts-train-food-service,2,0.03508771929824561,2,0.03508771929824561,0,0.0,1.3300929612025884e-07,0.0,0.05482456140350877,0.021072093119179902,-0.0,0.0026719956264677587
train-ticket_v1.0.0,ts-admin-basic-info-service,5,0.08771929824561403,0,0.0,5,0.08771929824561403,3.380391948628212e-13,0.0,0.0,0.008714805534779397,0.044051351559839365,-0.0
train-ticket_v1.0.0,ts-food-delivery-service,2,0.03508771929824561,1,0.017543859649122806,1,0.017543859649122806,1.7341410696462735e-10,0.0003132832080200501,0.017543859649122806,0.01612262178897267,0.00048637859576481496,-2.1371613208785103e-18
train-ticket_v1.0.0,ts-consign-price-service,2,0.03508771929824561,2,0.03508771929824561,0,0.0,1.3300929612025884e-07,0.0,0.05482456140350877,0.03097103577959437,-0.0,-2.5645935850542127e-18
train-ticket_v1.0.0,ts-basic-service,8,0.14035087719298245,4,0.07017543859649122,4,0.07017543859649122,3.81191388839911e-05,0.006735588972431077,0.12030075187969924,0.021000726334597868,0.04402263049623398,0.06526037750777101
train-ticket_v1.0.0,ts-preserve-other-service,11,0.19298245614035087,0,0.0,11,0.19298245614035087,3.380391948628212e-13,0.0,0.0,0.008714805534779397,0.11250709066136966,-0.0
train-ticket_v1.0.0,ts-station-service,9,0.15789473684210525,9,0.15789473684210525,0,0.0,0.9999283677715659,0.0,0.24561403508771928,0.10643128944087847,-0.0,0.08860709271281439
train-ticket_v1.0.0,ts-user-service,4,0.07017543859649122,4,0.07017543859649122,0,0.0,6.926423102739218e-10,0.0,0.07017543859649122,0.018951060722391916,-0.0,0.05347268216557476
train-ticket_v1.0.0,ts-route-plan-service,4,0.07017543859649122,1,0.017543859649122806,3,0.05263157894736842,1.7341410696462735e-10,0.00010442773600668337,0.017543859649122806,0.01019636878561805,0.03358715783918846,0.010151367833711587
train-ticket_v1.0.0,ts-payment-service,2,0.03508771929824561,2,0.03508771929824561,0,0.0,1.3300929612025884e-07,0.0,0.05482456140350877,0.021460021719113348,-0.0,0.004283229391864338
train-ticket_v1.0.0,ts-inside-payment-service,6,0.10526315789473684,3,0.05263157894736842,3,0.05263157894736842,5.195662425041571e-10,0.0020363408521303257,0.05263157894736842,0.018838821082176868,0.021268192042365158,0.020793460374617614
train-ticket_v1.0.0,ts-seat-service,9,0.15789473684210525,6,0.10526315789473684,3,0.05263157894736842,3.8119485036126706e-05,0.010025062656641603,0.13296398891966757,0.023716925627802064,0.022883066294799373,0.08872854495128356
train-ticket_v1.0.0,ts-execute-service,2,0.03508771929824561,0,0.0,2,0.03508771929824561,3.380391948628212e-13,0.0,0.0,0.008714805534779397,0.020516094510455465,-0.0
train-ticket_v1.0.0,ts-travel-plan-service,5,0.08771929824561403,0,0.0,5,0.08771929824561403,3.380391948628212e-13,0.0,0.0,0.008714805534779397,0.052188673270195995,-0.0
train-ticket_v1.0.0,ts-travel2-service,9,0.15789473684210525,5,0.08771929824561403,4,0.07017543859649122,4.508665369321843e-08,0.005821846282372598,0.08771929824561403,0.022648184242828863,0.052388585916565186,0.0525073473318024
train-ticket_v1.0.0,ts-travel-service,11,0.19298245614035087,7,0.12280701754385964,4,0.07017543859649122,1.780956117742828e-07,0.012087510442773598,0.1291866028708134,0.028832291615401642,0.052388585916565186,0.07011809169653632
train-ticket_v1.0.0,ts-admin-order-service,2,0.03508771929824561,0,0.0,2,0.03508771929824561,3.380391948628212e-13,0.0,0.0,0.008714805534779397,0.020516094510455465,-0.0
train-ticket_v1.0.0,ts-admin-travel-service,5,0.08771929824561403,0,0.0,5,0.08771929824561403,3.380391948628212e-13,0.0,0.0,0.008714805534779397,0.06244006187543971,-0.0
train-ticket_v1.0.0,ts-admin-route-service,2,0.03508771929824561,0,0.0,2,0.03508771929824561,3.380391948628212e-13,0.0,0.0,0.008714805534779397,0.027613834450963676,-0.0
train-ticket_v1.0.0,database-ts-contacts-service,1,0.017543859649122806,0,0.0,1,0.017543859649122806,3.380391948628212e-13,0.0,0.0,0.008714805534779397,0.009716955031612629,-0.0
train-ticket_v1.0.0,database-ts-notification-service,1,0.017543859649122806,0,0.0,1,0.017543859649122806,3.380391948628212e-13,0.0,0.0,0.008714805534779397,0.0012301473626179034,-0.0
train-ticket_v1.0.0,database-ts-config-service,1,0.017543859649122806,0,0.0,1,0.017543859649122806,3.380391948628212e-13,0.0,0.0,0.008714805534779397,0.002366971784343908,-0.0
train-ticket_v1.0.0,database-ts-assurance-service,1,0.017543859649122806,0,0.0,1,0.017543859649122806,3.380391948628212e-13,0.0,0.0,0.008714805534779397,0.00815918685275444,-0.0
train-ticket_v1.0.0,database-ts-order-other-service,1,0.017543859649122806,0,0.0,1,0.017543859649122806,3.380391948628212e-13,0.0,0.0,0.008714805534779397,0.008946490596925734,-0.0
train-ticket_v1.0.0,database-ts-route-service,1,0.017543859649122806,0,0.0,1,0.017543859649122806,3.380391948628212e-13,0.0,0.0,0.008714805534779397,0.012055205752351158,-0.0
train-ticket_v1.0.0,database-ts-price-service,1,0.017543859649122806,0,0.0,1,0.017543859649122806,3.380391948628212e-13,0.0,0.0,0.008714805534779397,0.0031145207076315787,-0.0
train-ticket_v1.0.0,database-ts-security-service,1,0.017543859649122806,0,0.0,1,0.017543859649122806,3.380391948628212e-13,0.0,0.0,0.008714805534779397,0.008159186852754432,-0.0
train-ticket_v1.0.0,database-ts-consign-service,1,0.017543859649122806,0,0.0,1,0.017543859649122806,3.380391948628212e-13,0.0,0.0,0.008714805534779397,0.008159186852754435,-0.0
train-ticket_v1.0.0,database-ts-train-service,1,0.017543859649122806,0,0.0,1,0.017543859649122806,3.380391948628212e-13,0.0,0.0,0.008714805534779397,0.013294275337638726,-0.0
train-ticket_v1.0.0,database-ts-order-service,1,0.017543859649122806,0,0.0,1,0.017543859649122806,3.380391948628212e-13,0.0,0.0,0.008714805534779397,0.01156960391352973,-0.0
train-ticket_v1.0.0,database-ts-food-service,1,0.017543859649122806,0,0.0,1,0.017543859649122806,3.380391948628212e-13,0.0,0.0,0.008714805534779397,0.008159186852754439,-0.0
train-ticket_v1.0.0,database-ts-station-food-service,1,0.017543859649122806,0,0.0,1,0.017543859649122806,3.380391948628212e-13,0.0,0.0,0.008714805534779397,0.00048637859576481496,-0.0
train-ticket_v1.0.0,database-ts-train-food-service,1,0.017543859649122806,0,0.0,1,0.017543859649122806,3.380391948628212e-13,0.0,0.0,0.008714805534779397,0.00046917900772650175,-0.0
train-ticket_v1.0.0,database-ts-food-delivery-service,1,0.017543859649122806,0,0.0,1,0.017543859649122806,3.380391948628212e-13,0.0,0.0,0.008714805534779397,-3.7526679233632287e-19,-0.0
train-ticket_v1.0.0,database-ts-consign-price-service,1,0.017543859649122806,0,0.0,1,0.017543859649122806,3.380391948628212e-13,0.0,0.0,0.008714805534779397,-4.503201508035875e-19,-0.0
train-ticket_v1.0.0,database-ts-station-service,1,0.017543859649122806,0,0.0,1,0.017543859649122806,3.380391948628212e-13,0.0,0.0,0.008714805534779397,0.015558628698612518,-0.0
train-ticket_v1.0.0,database-ts-user-service,1,0.017543859649122806,0,0.0,1,0.017543859649122806,3.380391948628212e-13,0.0,0.0,0.008714805534779397,0.009389334215372339,-0.0
train-ticket_v1.0.0,database-ts-payment-service,1,0.017543859649122806,0,0.0,1,0.017543859649122806,3.380391948628212e-13,0.0,0.0,0.008714805534779397,0.000752097531909694,-0.0
train-ticket_v1.0.0,database-ts-inside-payment-service,1,0.017543859649122806,0,0.0,1,0.017543859649122806,3.380391948628212e-13,0.0,0.0,0.008714805534779397,0.0036511493541103463,-0.0
train-ticket_v1.0.0,database-ts-travel2-service,1,0.017543859649122806,0,0.0,1,0.017543859649122806,3.380391948628212e-13,0.0,0.0,0.008714805534779397,0.009219829881253397,-0.0
train-ticket_v1.0.0,database-ts-travel-service,1,0.017543859649122806,0,0.0,1,0.017543859649122806,3.380391948628212e-13,0.0,0.0,0.008714805534779397,0.012312122205583908,-0.0
train-ticket_v1.0.0,mail-server,1,0.017543859649122806,1,0.017543859649122806,0,0.0,8.861528473731419e-08,0.0,0.03157894736842105,0.02367769025980769,-0.0,1.7097290567028084e-18
website,authserver,2,0.5,1,0.25,1,0.25,0.3768150168973653,0.08333333333333333,0.5,0.13073629420628416,-1.0015430658247732e-18,0.3333333333333333
website,backend,2,0.5,1,0.25,1,0.25,0.3768150168973653,0.08333333333333333,0.5,0.13073629420628416,-1.0015430658247732e-18,0.3333333333333333
website,registry,3,0.75,2,0.5,1,0.25,0.49536025092882285,0.5,0.5714285714285714,0.2522506965468279,3.204937810639274e-17,-1.0015430658247732e-18
website,gateway,5,1.25,2,0.5,3,0.75,0.5732796446078026,0.8333333333333333,0.6666666666666666,0.3555404208343198,1.0,3.204937810639274e-17
website,user,2,0.5,1,0.25,1,0.25,0.3768150168973653,0.0,0.4444444444444444,0.13073629420628416,3.204937810639274e-17,0.3333333333333333
