MS_system,node,Degree Centrality (DB=True),Norm. Degree Centrality (DB=True),In-degree Centrality (DB=True),Norm. In-degree Centrality (DB=True),Out-degree Centrality (DB=True),Norm. Out-degree Centrality (DB=True),Eigenvector Centrality (DB=True),Betweenness Centrality (DB=True),PageRank Centrality (DB=True),Degree Centrality (DB=False),Norm. Degree Centrality (DB=False),In-degree Centrality (DB=False),Norm. In-degree Centrality (DB=False),Out-degree Centrality (DB=False),Norm. Out-degree Centrality (DB=False),Eigenvector Centrality (DB=False),Betweenness Centrality (DB=False),PageRank Centrality (DB=False)
Basilisk,benchmark-service,3,0.75,2,0.5,1,0.25,0.500000265487548,0.16666666666666666,0.24594541923542032,2.0,1.0,1.0,0.5,1.0,0.5,0.5000000644180599,0.0,0.25675708783778944
Basilisk,repository-service,3,0.75,2,0.5,1,0.25,0.500000265487548,0.16666666666666666,0.24594541923542032,2.0,1.0,1.0,0.5,1.0,0.5,0.5000000644180599,0.0,0.25675708783778944
Basilisk,rabbitmq,4,1.0,2,0.5,2,0.5,0.7071064057294598,0.3333333333333333,0.44810916152915964,4.0,2.0,2.0,1.0,2.0,1.0,0.707106690085642,1.0,0.48648582432442095
Basilisk,database-benchmark-service,1,0.25,0,0.0,1,0.25,7.509123813184332e-07,0.0,0.030000000000000006,,,,,,,,,
Basilisk,database-repository-service,1,0.25,0,0.0,1,0.25,7.509123813184332e-07,0.0,0.030000000000000006,,,,,,,,,
blog-microservices,recommendation-service,2,0.2,1,0.1,1,0.1,9.834264676732177e-08,0.0,0.03857767966970804,2.0,0.2,1.0,0.1,1.0,0.1,9.834264676732177e-08,0.0,0.03857767966970804
blog-microservices,product-service,2,0.2,1,0.1,1,0.1,9.834264676732177e-08,0.0,0.03857767966970804,2.0,0.2,1.0,0.1,1.0,0.1,9.834264676732177e-08,0.0,0.03857767966970804
blog-microservices,review-service,2,0.2,1,0.1,1,0.1,9.834264676732177e-08,0.0,0.03857767966970804,2.0,0.2,1.0,0.1,1.0,0.1,9.834264676732177e-08,0.0,0.03857767966970804
blog-microservices,composite-service,2,0.2,1,0.1,1,0.1,9.834264676732177e-08,0.0,0.03857767966970804,2.0,0.2,1.0,0.1,1.0,0.1,9.834264676732177e-08,0.0,0.03857767966970804
blog-microservices,monitor-dashboard,2,0.2,2,0.2,0,0.0,1.4259683781261654e-06,0.0,0.054973197257599894,2.0,0.2,2.0,0.2,0.0,0.0,1.4259683781261654e-06,0.0,0.054973197257599894
blog-microservices,auth-server,1,0.1,1,0.1,0,0.0,9.834264676732177e-08,0.0,0.03857767966970804,1.0,0.1,1.0,0.1,0.0,0.0,9.834264676732177e-08,0.0,0.03857767966970804
blog-microservices,config-server,9,0.9,0,0.0,9,0.9,3.5122373845472056e-09,0.0,0.035248640650005,9.0,0.9,0.0,0.0,9.0,0.9,3.5122373845472056e-09,0.0,0.035248640650005
blog-microservices,turbine-server,3,0.30000000000000004,1,0.1,2,0.2,9.834264676732177e-08,0.0,0.03857767966970804,3.0,0.30000000000000004,1.0,0.1,2.0,0.2,9.834264676732177e-08,0.0,0.03857767966970804
blog-microservices,edge-server,3,0.30000000000000004,2,0.2,1,0.1,0.7071067829258826,0.011111111111111112,0.24698484713475471,3.0,0.30000000000000004,2.0,0.2,1.0,0.1,0.7071067829258826,0.011111111111111112,0.24698484713475471
blog-microservices,discovery-server,6,0.6000000000000001,6,0.6000000000000001,0,0.0,6.736471303561539e-06,0.0,0.18613733796073467,6.0,0.6000000000000001,6.0,0.6000000000000001,0.0,0.0,6.736471303561539e-06,0.0,0.18613733796073467
blog-microservices,user,2,0.2,1,0.1,1,0.1,0.7071067794136452,0.0,0.24518989897865762,2.0,0.2,1.0,0.1,1.0,0.1,0.7071067794136452,0.0,0.24518989897865762
DentalAppointment,appointment-service,5,0.41666666666666663,3,0.25,2,0.16666666666666666,0.3162256219387967,0.045454545454545456,0.11488011396218552,4.0,0.5714285714285714,2.0,0.2857142857142857,2.0,0.2857142857142857,0.31622881023464355,0.05952380952380952,0.1259269288499131
DentalAppointment,approval-service,4,0.3333333333333333,2,0.16666666666666666,2,0.16666666666666666,0.15811262071745852,0.03787878787878788,0.08061761370796437,3.0,0.42857142857142855,1.0,0.14285714285714285,2.0,0.2857142857142857,0.15811444281474257,0.0,0.08836957908325967
DentalAppointment,hospital-manage-service,3,0.25,3,0.25,0,0.0,0.47434162360404014,0.0,0.129442178006859,2.0,0.2857142857142857,2.0,0.2857142857142857,0.0,0.0,0.47434159436287127,0.0,0.14188846307145925
DentalAppointment,gateway-service,6,0.5,1,0.08333333333333333,5,0.41666666666666663,0.1581125889106327,0.045454545454545456,0.07861349789125072,6.0,0.8571428571428571,1.0,0.14285714285714285,4.0,0.7142857142857142,0.15811444281474257,0.14285714285714285,0.13973042272140337
DentalAppointment,message-service,5,0.41666666666666663,3,0.25,2,0.16666666666666666,0.3162256219387967,0.06060606060606061,0.11488011396218552,4.0,0.5714285714285714,2.0,0.2857142857142857,2.0,0.2857142857142857,0.31622881023464355,0.10714285714285714,0.1259269288499131
DentalAppointment,personal-info-service,3,0.25,3,0.25,0,0.0,0.6324580387580196,0.0,0.16490263812858327,2.0,0.2857142857142857,2.0,0.2857142857142857,0.0,0.0,0.632454378491099,0.0,0.1716534911644957
DentalAppointment,database-appointment-service,1,0.08333333333333333,0,0.0,1,0.08333333333333333,1.1780305870669537e-09,0.0,0.03635359655212954,,,,,,,,,
DentalAppointment,database-approval-service,1,0.08333333333333333,0,0.0,1,0.08333333333333333,1.1780305870669537e-09,0.0,0.03635359655212954,,,,,,,,,
DentalAppointment,database-hospital-manage-service,1,0.08333333333333333,0,0.0,1,0.08333333333333333,1.1780305870669537e-09,0.0,0.03635359655212954,,,,,,,,,
DentalAppointment,database-message-service,1,0.08333333333333333,0,0.0,1,0.08333333333333333,1.1780305870669537e-09,0.0,0.03635359655212954,,,,,,,,,
DentalAppointment,database-personal-info-service,1,0.08333333333333333,0,0.0,1,0.08333333333333333,1.1780305870669537e-09,0.0,0.03635359655212954,,,,,,,,,
DentalAppointment,user,2,0.16666666666666666,1,0.08333333333333333,1,0.08333333333333333,0.1581125889106327,0.0,0.04971770072929993,2.0,0.2857142857142857,1.0,0.14285714285714285,1.0,0.14285714285714285,0.15811444281474257,0.0,0.08836957908325967
DentalAppointment,mail-server,1,0.08333333333333333,1,0.08333333333333333,0,0.0,0.31622900406461213,0.0,0.08517816085102418,1.0,0.14285714285714285,1.0,0.14285714285714285,0.0,0.0,0.3162272269429704,0.0,0.11813460717629608
geocoder-microservices,geocoderlocal-service,3,0.375,2,0.25,1,0.125,0.23497890214664843,0.0,0.05930807302612387,3.0,0.375,2.0,0.25,1.0,0.125,0.23497890214664843,0.0,0.05930807302612387
geocoder-microservices,zuul-gateway,5,0.625,3,0.375,2,0.25,0.5765340294753317,0.30357142857142855,0.2730709909276808,5.0,0.625,3.0,0.375,2.0,0.25,0.5765340294753317,0.30357142857142855,0.2730709909276808
geocoder-microservices,geocoderremote-service,4,0.5,3,0.375,1,0.125,0.23497890214664946,0.026785714285714284,0.0663914063594572,4.0,0.5,3.0,0.375,1.0,0.125,0.23497890214664946,0.026785714285714284,0.0663914063594572
geocoder-microservices,hystrix-dashboard,3,0.375,2,0.25,1,0.125,2.8676103667967156e-05,0.0,0.12685185185185185,3.0,0.375,2.0,0.25,1.0,0.125,2.8676103667967156e-05,0.0,0.12685185185185185
geocoder-microservices,eureka-discovery,5,0.625,4,0.5,1,0.125,0.5350062397161907,0.21428571428571427,0.16615367764308314,5.0,0.625,4.0,0.5,1.0,0.125,0.5350062397161907,0.21428571428571427,0.16615367764308314
geocoder-microservices,configurator,6,0.75,0,0.0,6,0.75,2.6080764353531077e-17,0.0,0.01666666666666667,6.0,0.75,0.0,0.0,6.0,0.75,2.6080764353531077e-17,0.0,0.01666666666666667
geocoder-microservices,auth-service,6,0.75,3,0.375,3,0.375,0.36806702283094644,0.2232142857142857,0.14216755565145694,6.0,0.75,3.0,0.375,3.0,0.375,0.36806702283094644,0.2232142857142857,0.14216755565145694
geocoder-microservices,mongodb,2,0.25,0,0.0,2,0.25,2.6080764353531077e-17,0.0,0.01666666666666667,2.0,0.25,0.0,0.0,2.0,0.25,2.6080764353531077e-17,0.0,0.01666666666666667
geocoder-microservices,user,2,0.25,1,0.125,1,0.125,0.36806702283094433,0.0,0.13272311120701252,2.0,0.25,1.0,0.125,1.0,0.125,0.36806702283094433,0.0,0.13272311120701252
java-microservice,oauth,5,0.4545454545454546,3,0.2727272727272727,2,0.18181818181818182,2.3855443044387e-09,0.0012987012987012985,0.05011800889431252,5.0,0.4545454545454546,3.0,0.2727272727272727,2.0,0.18181818181818182,2.3855443044387e-09,0.0012987012987012985,0.05011800889431252
java-microservice,admin,9,0.8181818181818182,2,0.18181818181818182,7,0.6363636363636364,9.258257326411506e-12,0.0012987012987012985,0.044691252345250176,9.0,0.8181818181818182,2.0,0.18181818181818182,7.0,0.6363636363636364,9.258257326411506e-12,0.0012987012987012985,0.044691252345250176
java-microservice,api-gateway,5,0.4545454545454546,3,0.2727272727272727,2,0.18181818181818182,2.3855443044387e-09,0.0012987012987012985,0.05011800889431252,5.0,0.4545454545454546,3.0,0.2727272727272727,2.0,0.18181818181818182,2.3855443044387e-09,0.0012987012987012985,0.05011800889431252
java-microservice,eureka-server,9,0.8181818181818182,8,0.7272727272727273,1,0.09090909090909091,0.009042635872507726,0.0012987012987012985,0.16835721513501692,9.0,0.8181818181818182,8.0,0.7272727272727273,1.0,0.09090909090909091,0.009042635872507726,0.0012987012987012985,0.16835721513501692
java-microservice,mailer,6,0.5454545454545454,4,0.36363636363636365,2,0.18181818181818182,7.063001222794096e-05,0.01948051948051948,0.09444380263199798,6.0,0.5454545454545454,4.0,0.36363636363636365,2.0,0.18181818181818182,7.063001222794096e-05,0.01948051948051948,0.09444380263199798
java-microservice,user,5,0.4545454545454546,3,0.2727272727272727,2,0.18181818181818182,2.3855443044387e-09,0.0012987012987012985,0.05011800889431252,5.0,0.4545454545454546,3.0,0.2727272727272727,2.0,0.18181818181818182,2.3855443044387e-09,0.0012987012987012985,0.05011800889431252
java-microservice,config-server,9,0.8181818181818182,1,0.09090909090909091,8,0.7272727272727273,2.39851226072837e-14,0.08181818181818182,0.06346133554616115,9.0,0.8181818181818182,1.0,0.09090909090909091,8.0,0.7272727272727273,2.39851226072837e-14,0.08181818181818182,0.06346133554616115
java-microservice,reminder,6,0.5454545454545454,3,0.2727272727272727,3,0.2727272727272727,2.3855443044387e-09,0.02857142857142857,0.05011800889431252,6.0,0.5454545454545454,3.0,0.2727272727272727,3.0,0.2727272727272727,2.3855443044387e-09,0.02857142857142857,0.05011800889431252
java-microservice,zookeeper,8,0.7272727272727273,0,0.0,8,0.7272727272727273,3.1109108440056706e-17,0.0,0.03430383697190369,8.0,0.7272727272727273,0.0,0.0,8.0,0.7272727272727273,3.1109108440056706e-17,0.0,0.03430383697190369
java-microservice,kafka,3,0.2727272727272727,2,0.18181818181818182,1,0.09090909090909091,4.592173025895716e-07,0.00909090909090909,0.052148563181853486,3.0,0.2727272727272727,2.0,0.18181818181818182,1.0,0.09090909090909091,4.592173025895716e-07,0.00909090909090909,0.052148563181853486
java-microservice,github-repository,1,0.09090909090909091,0,0.0,1,0.09090909090909091,3.1109108440056706e-17,0.0,0.03430383697190369,1.0,0.09090909090909091,0.0,0.0,1.0,0.09090909090909091,3.1109108440056706e-17,0.0,0.03430383697190369
java-microservice,logstash,8,0.7272727272727273,8,0.7272727272727273,0,0.0,0.9999591120379211,0.0,0.30781812163866284,8.0,0.7272727272727273,8.0,0.7272727272727273,0.0,0.0,0.9999591120379211,0.0,0.30781812163866284
jhipster-microservices-example,blog,3,0.75,2,0.5,1,0.25,0.508792420940552,0.0,0.2288308113938837,3.0,0.75,2.0,0.5,1.0,0.25,0.508792420940552,0.0,0.2288308113938837
jhipster-microservices-example,jhipster-registry,8,2.0,4,1.0,4,1.0,0.6344553044127323,0.5833333333333333,0.3415171291111937,8.0,2.0,4.0,1.0,4.0,1.0,0.6344553044127323,0.5833333333333333,0.3415171291111937
jhipster-microservices-example,store,2,0.5,1,0.25,1,0.25,0.2823597200194308,0.0,0.10257269362977,2.0,0.5,1.0,0.25,1.0,0.25,0.2823597200194308,0.0,0.10257269362977
jhipster-microservices-example,github-repository,1,0.25,0,0.0,1,0.25,8.755132991548683e-10,0.0,0.030000000000000006,1.0,0.25,0.0,0.0,1.0,0.25,8.755132991548683e-10,0.0,0.030000000000000006
jhipster-microservices-example,user,4,1.0,2,0.5,2,0.5,0.508792420940552,0.16666666666666666,0.2970793658651528,4.0,1.0,2.0,0.5,2.0,0.5,0.508792420940552,0.16666666666666666,0.2970793658651528
micro_webshop,zuul,3,0.2727272727272727,2,0.18181818181818182,1,0.09090909090909091,0.7071093113978018,0.09090909090909091,0.39418364659948796,3.0,0.375,2.0,0.25,1.0,0.125,0.7071084898879564,0.125,0.41492684265070234
micro_webshop,eureka,7,0.6363636363636364,6,0.5454545454545454,1,0.09090909090909091,5.481923110155725e-06,0.16363636363636364,0.10148437499999999,7.0,0.875,6.0,0.75,1.0,0.125,3.6913718872932827e-06,0.21428571428571427,0.09918750000000001
micro_webshop,user-proxy,2,0.18181818181818182,0,0.0,2,0.18181818181818182,2.809801696645682e-09,0.0,0.0125,2.0,0.25,0.0,0.0,2.0,0.25,3.51224727620674e-09,0.0,0.01666666666666667
micro_webshop,product-service,3,0.2727272727272727,2,0.18181818181818182,1,0.09090909090909091,1.4329988652892978e-07,0.02727272727272727,0.026666666666666665,2.0,0.25,1.0,0.125,1.0,0.125,9.131842918137521e-08,0.0,0.021388888888888895
micro_webshop,category-service,3,0.2727272727272727,2,0.18181818181818182,1,0.09090909090909091,1.4329988652892978e-07,0.02727272727272727,0.026666666666666665,2.0,0.25,1.0,0.125,1.0,0.125,9.131842918137521e-08,0.0,0.021388888888888895
micro_webshop,security-service,3,0.2727272727272727,2,0.18181818181818182,1,0.09090909090909091,1.4329988652892978e-07,0.02727272727272727,0.0284375,2.0,0.25,1.0,0.125,1.0,0.125,9.131842918137521e-08,0.0,0.023750000000000004
micro_webshop,product-proxy,3,0.2727272727272727,0,0.0,3,0.2727272727272727,2.809801696645682e-09,0.0,0.0125,3.0,0.375,0.0,0.0,3.0,0.375,3.51224727620674e-09,0.0,0.01666666666666667
micro_webshop,auth-server,1,0.09090909090909091,0,0.0,1,0.09090909090909091,2.809801696645682e-09,0.0,0.0125,1.0,0.125,0.0,0.0,1.0,0.125,3.51224727620674e-09,0.0,0.01666666666666667
micro_webshop,database-product-service,1,0.09090909090909091,0,0.0,1,0.09090909090909091,2.809801696645682e-09,0.0,0.0125,,,,,,,,,
micro_webshop,database-category-service,1,0.09090909090909091,0,0.0,1,0.09090909090909091,2.809801696645682e-09,0.0,0.0125,,,,,,,,,
micro_webshop,database-security-service,1,0.09090909090909091,0,0.0,1,0.09090909090909091,2.809801696645682e-09,0.0,0.0125,,,,,,,,,
micro_webshop,user,2,0.18181818181818182,1,0.09090909090909091,1,0.09090909090909091,0.7071042509449461,0.0,0.3475611450671787,2.0,0.25,1.0,0.125,1.0,0.125,0.7071050724713566,0.0,0.3693578795715198
microservice,order,6,1.0,2,0.3333333333333333,4,0.6666666666666666,0.39223229971436085,0.02222222222222222,0.11054484935358364,6.0,1.0,2.0,0.3333333333333333,4.0,0.6666666666666666,0.39223229971436085,0.02222222222222222,0.11054484935358364
microservice,eureka,5,0.8333333333333333,4,0.6666666666666666,1,0.16666666666666666,0.5883481051461716,0.5,0.2510596654103399,5.0,0.8333333333333333,4.0,0.6666666666666666,1.0,0.16666666666666666,0.5883481051461716,0.5,0.2510596654103399
microservice,turbine,1,0.16666666666666666,0,0.0,1,0.16666666666666666,7.653897101502979e-08,0.0,0.021428571428571432,1.0,0.16666666666666666,0.0,0.0,1.0,0.16666666666666666,7.653897101502979e-08,0.0,0.021428571428571432
microservice,catalog,3,0.5,2,0.3333333333333333,1,0.16666666666666666,0.39223229971436085,0.02222222222222222,0.11054484935358364,3.0,0.5,2.0,0.3333333333333333,1.0,0.16666666666666666,0.39223229971436085,0.02222222222222222,0.11054484935358364
microservice,zuul,6,1.0,2,0.3333333333333333,4,0.6666666666666666,0.3922323762533319,0.6333333333333333,0.3088231222209186,6.0,1.0,2.0,0.3333333333333333,4.0,0.6666666666666666,0.3922323762533319,0.6333333333333333,0.3088231222209186
microservice,customer,3,0.5,2,0.3333333333333333,1,0.16666666666666666,0.39223229971436085,0.02222222222222222,0.11054484935358364,3.0,0.5,2.0,0.3333333333333333,1.0,0.16666666666666666,0.39223229971436085,0.02222222222222222,0.11054484935358364
microservice,user,2,0.3333333333333333,1,0.16666666666666666,1,0.16666666666666666,0.19611664736049203,0.0,0.08705409287941888,2.0,0.3333333333333333,1.0,0.16666666666666666,1.0,0.16666666666666666,0.19611664736049203,0.0,0.08705409287941888
microservice-consul,customer,3,0.6000000000000001,2,0.4,1,0.2,0.2891396150024189,0.0,0.1293212700594241,3.0,0.6000000000000001,2.0,0.4,1.0,0.2,0.2891396150024189,0.0,0.1293212700594241
microservice-consul,order,6,1.2000000000000002,2,0.4,4,0.8,0.2891396150024189,0.0,0.1293212700594241,6.0,1.2000000000000002,2.0,0.4,4.0,0.8,0.2891396150024189,0.0,0.1293212700594241
microservice-consul,catalog,3,0.6000000000000001,2,0.4,1,0.2,0.2891396150024189,0.0,0.1293212700594241,3.0,0.6000000000000001,2.0,0.4,1.0,0.2,0.2891396150024189,0.0,0.1293212700594241
microservice-consul,apache,6,1.2000000000000002,1,0.2,5,1.0,0.000929709372998132,0.2,0.16102921693153757,6.0,1.2000000000000002,1.0,0.2,5.0,1.0,0.000929709372998132,0.2,0.16102921693153757
microservice-consul,consul,4,0.8,4,0.8,0,0.0,0.8655594262612606,0.0,0.34916633608381514,4.0,0.8,4.0,0.8,0.0,0.0,0.8655594262612606,0.0,0.34916633608381514
microservice-consul,user,2,0.4,1,0.2,1,0.2,0.000929709372998132,0.0,0.1018406368063752,2.0,0.4,1.0,0.2,1.0,0.2,0.000929709372998132,0.0,0.1018406368063752
microservice-kafka,invoicing,4,0.5714285714285714,3,0.42857142857142855,1,0.14285714285714285,0.49999625185731844,0.023809523809523808,0.20967614801577927,4.0,0.5714285714285714,3.0,0.42857142857142855,1.0,0.14285714285714285,0.49999625185731844,0.023809523809523808,0.20967614801577927
microservice-kafka,order,4,0.7142857142857142,3,0.42857142857142855,2,0.2857142857142857,2.711821727157851e-05,0.023809523809523808,0.057493035518853854,4.0,0.7142857142857142,3.0,0.42857142857142855,2.0,0.2857142857142857,2.711821727157851e-05,0.023809523809523808,0.057493035518853854
microservice-kafka,shipping,4,0.5714285714285714,3,0.42857142857142855,1,0.14285714285714285,0.49999625185731844,0.023809523809523808,0.20967614801577927,4.0,0.5714285714285714,3.0,0.42857142857142855,1.0,0.14285714285714285,0.49999625185731844,0.023809523809523808,0.20967614801577927
microservice-kafka,zookeeper,1,0.14285714285714285,0,0.0,1,0.14285714285714285,3.61866216366515e-25,0.0,0.018750000000000003,1.0,0.14285714285714285,0.0,0.0,1.0,0.14285714285714285,3.61866216366515e-25,0.0,0.018750000000000003
microservice-kafka,kafka,6,0.8571428571428571,4,0.5714285714285714,2,0.2857142857142857,0.707112081300041,0.14285714285714285,0.4155745769164068,6.0,0.8571428571428571,4.0,0.5714285714285714,2.0,0.2857142857142857,0.707112081300041,0.14285714285714285,0.4155745769164068
microservice-kafka,apache,4,0.7142857142857142,1,0.14285714285714285,4,0.5714285714285714,8.344066852793387e-07,0.09523809523809523,0.04233409610983982,4.0,0.7142857142857142,1.0,0.14285714285714285,4.0,0.5714285714285714,8.344066852793387e-07,0.09523809523809523,0.04233409610983982
microservice-kafka,postgres,3,0.42857142857142855,0,0.0,3,0.42857142857142855,3.61866216366515e-25,0.0,0.018750000000000003,3.0,0.42857142857142855,0.0,0.0,3.0,0.42857142857142855,3.61866216366515e-25,0.0,0.018750000000000003
microservice-kafka,user,2,0.2857142857142857,1,0.14285714285714285,1,0.14285714285714285,8.344066852793387e-07,0.0,0.027745995423340962,2.0,0.2857142857142857,1.0,0.14285714285714285,1.0,0.14285714285714285,8.344066852793387e-07,0.0,0.027745995423340962
microservices-basics-spring-boot,web-portal,2,0.2,1,0.1,1,0.1,4.5940255338611345e-08,0.0,0.01797914250430814,2.0,0.2,1.0,0.1,1.0,0.1,4.5940255338611345e-08,0.0,0.01797914250430814
microservices-basics-spring-boot,user-webservice,2,0.2,1,0.1,1,0.1,4.5940255338611345e-08,0.0,0.01797914250430814,2.0,0.2,1.0,0.1,1.0,0.1,4.5940255338611345e-08,0.0,0.01797914250430814
microservices-basics-spring-boot,api-gateway,4,0.4,3,0.30000000000000004,1,0.1,0.7071090452589373,0.08888888888888889,0.3964300288550945,4.0,0.4,3.0,0.30000000000000004,1.0,0.1,0.7071090452589373,0.08888888888888889,0.3964300288550945
microservices-basics-spring-boot,comments-webservice,3,0.30000000000000004,2,0.2,1,0.1,4.767882004752669e-07,0.0,0.0256202780686391,3.0,0.30000000000000004,2.0,0.2,1.0,0.1,4.767882004752669e-07,0.0,0.0256202780686391
microservices-basics-spring-boot,auth-server,2,0.2,1,0.1,1,0.1,4.5940255338611345e-08,0.0,0.01797914250430814,2.0,0.2,1.0,0.1,1.0,0.1,4.5940255338611345e-08,0.0,0.01797914250430814
microservices-basics-spring-boot,webservice-registry,7,0.7000000000000001,6,0.6000000000000001,1,0.1,5.130557139788221e-06,0.11111111111111112,0.0932443278129681,7.0,0.7000000000000001,6.0,0.6000000000000001,1.0,0.1,5.130557139788221e-06,0.11111111111111112,0.0932443278129681
microservices-basics-spring-boot,task-webservice,3,0.30000000000000004,1,0.1,2,0.2,4.5940255338611345e-08,0.0,0.01797914250430814,3.0,0.30000000000000004,1.0,0.1,2.0,0.2,4.5940255338611345e-08,0.0,0.01797914250430814
microservices-basics-spring-boot,configserver,9,0.9,1,0.1,8,0.8,3.1610267434824314e-09,0.1,0.0277974728716386,9.0,0.9,1.0,0.1,8.0,0.8,3.1610267434824314e-09,0.1,0.0277974728716386
microservices-basics-spring-boot,zipkin-tracing,1,0.1,1,0.1,0,0.0,4.5940255338611345e-08,0.0,0.01797914250430814,1.0,0.1,1.0,0.1,0.0,0.0,4.5940255338611345e-08,0.0,0.01797914250430814
microservices-basics-spring-boot,github-repository,1,0.1,0,0.0,1,0.1,1.0536755811608108e-10,0.0,0.01502566101169654,1.0,0.1,0.0,0.0,1.0,0.1,1.0536755811608108e-10,0.0,0.01502566101169654
microservices-basics-spring-boot,user,2,0.2,1,0.1,1,0.1,0.7071045170881273,0.0,0.3519865188584221,2.0,0.2,1.0,0.1,1.0,0.1,0.7071045170881273,0.0,0.3519865188584221
piggymetrics,statistics-service,7,0.4375,5,0.3125,2,0.125,0.2730829719416604,0.10902777777777777,0.07930471443372962,6.0,0.5,4.0,0.3333333333333333,2.0,0.16666666666666666,0.27308295890933976,0.1148989898989899,0.07984130888257157
piggymetrics,account-service,6,0.375,4,0.25,2,0.125,0.27308295284801143,0.0673611111111111,0.06807814433317301,5.0,0.41666666666666663,3.0,0.25,2.0,0.16666666666666666,0.27308289676049163,0.03914141414141414,0.0644674160342746
piggymetrics,notification-service,7,0.4375,4,0.25,3,0.1875,0.27308295284801143,0.12152777777777776,0.06807814433317301,6.0,0.5,3.0,0.25,3.0,0.25,0.27308289676049163,0.1148989898989899,0.0644674160342746
piggymetrics,config,8,0.5,0,0.0,8,0.5,1.1231558256650497e-09,0.0,0.013207722673204941,8.0,0.6666666666666666,0.0,0.0,8.0,0.6666666666666666,3.884303003094106e-09,0.0,0.018086920326601138
piggymetrics,turbine-stream-service,4,0.25,2,0.125,2,0.125,0.19550289601821827,0.0875,0.09547394869499456,4.0,0.3333333333333333,2.0,0.16666666666666666,2.0,0.16666666666666666,0.19550307627004718,0.12878787878787878,0.10303900862822765
piggymetrics,registry,7,0.4375,6,0.375,1,0.0625,0.5853321261694794,0.24583333333333332,0.14904701074382437,6.0,0.5833333333333333,6.0,0.5,1.0,0.08333333333333333,0.5853320635949328,0.30303030303030304,0.1546971144240561
piggymetrics,monitoring,2,0.125,2,0.125,0,0.0,0.09550615281380126,0.0,0.05518877463773758,2.0,0.16666666666666666,2.0,0.16666666666666666,0.0,0.0,0.09550539719615139,0.0,0.06380118192690719
piggymetrics,auth-service,7,0.4375,3,0.1875,4,0.25,0.18346168617520892,0.04375,0.05614679665160206,6.0,0.5,2.0,0.16666666666666666,4.0,0.3333333333333333,0.1834615582825173,0.003787878787878788,0.05316888673783061
piggymetrics,gateway,8,0.5,3,0.1875,5,0.3125,0.3755588457685097,0.2791666666666667,0.1782880066455389,8.0,0.6666666666666666,3.0,0.25,5.0,0.41666666666666663,0.37555856693521134,0.3939393939393939,0.19505957632107732
piggymetrics,auth-mongodb,1,0.0625,0,0.0,1,0.0625,1.1231558256650497e-09,0.0,0.013207722673204941,,,,,,,,,
piggymetrics,rabbitmq,4,0.25,3,0.1875,1,0.0625,0.4002047078060315,0.1,0.09513461109772081,4.0,0.3333333333333333,3.0,0.25,1.0,0.08333333333333333,0.4002053318051101,0.12121212121212122,0.09768432352730605
piggymetrics,notification-mongodb,1,0.0625,0,0.0,1,0.0625,1.1231558256650497e-09,0.0,0.013207722673204941,,,,,,,,,
piggymetrics,statistics-mongodb,1,0.0625,0,0.0,1,0.0625,1.1231558256650497e-09,0.0,0.013207722673204941,,,,,,,,,
piggymetrics,account-mongodb,1,0.0625,0,0.0,1,0.0625,1.1231558256650497e-09,0.0,0.013207722673204941,,,,,,,,,
piggymetrics,user,2,0.125,1,0.0625,1,0.0625,0.18346164798791087,0.0,0.04351690528847588,2.0,0.16666666666666666,1.0,0.08333333333333333,1.0,0.08333333333333333,0.1834614961336693,0.0,0.051247150131793484
piggymetrics,external-website,1,0.0625,0,0.0,1,0.0625,1.1231558256650497e-09,0.0,0.013207722673204941,1.0,0.08333333333333333,0.0,0.0,1.0,0.08333333333333333,3.884303003094106e-09,0.0,0.018086920326601138
piggymetrics,mail-server,1,0.0625,1,0.0625,0,0.0,0.13340151910105028,0.0,0.03249660710080037,1.0,0.08333333333333333,1.0,0.08333333333333333,0.0,0.0,0.13340162448578524,0.0,0.03635277669847893
qbike,qbike-order,3,0.16666666666666666,2,0.1111111111111111,1,0.05555555555555555,6.124496253648257e-07,0.0784313725490196,0.05019455252918287,2.0,0.14285714285714285,1.0,0.07142857142857142,1.0,0.07142857142857142,8.06765539361874e-07,0.11538461538461539,0.05596221959858325
qbike,qbike-intention,3,0.16666666666666666,1,0.05555555555555555,2,0.1111111111111111,7.63915661745374e-09,0.013071895424836602,0.016611792876384313,2.0,0.14285714285714285,0.0,0.0,2.0,0.14285714285714285,3.5122574634822536e-10,0.0,0.011806375442739082
qbike,microservice-api-gateway,3,0.16666666666666666,2,0.1111111111111111,1,0.05555555555555555,0.7071097696551272,0.05228758169934641,0.3445652386398778,3.0,0.21428571428571427,2.0,0.14285714285714285,1.0,0.07142857142857142,0.7071100055885545,0.06593406593406594,0.3504851465072353
qbike,qbike-trip,3,0.16666666666666666,2,0.1111111111111111,1,0.05555555555555555,1.145873492618061e-07,0.00980392156862745,0.02367180484884765,2.0,0.14285714285714285,1.0,0.07142857142857142,1.0,0.07142857142857142,1.018554664409853e-08,0.0,0.01682408500590319
qbike,eureka,5,0.2777777777777778,4,0.2222222222222222,1,0.05555555555555555,6.6679300502622944e-06,0.09803921568627451,0.09294578718946421,4.0,0.3571428571428571,4.0,0.2857142857142857,1.0,0.07142857142857142,7.208908443797328e-06,0.1208791208791209,0.08872786304604488
qbike,qbike-uc,2,0.1111111111111111,1,0.05555555555555555,1,0.05555555555555555,7.63915661745374e-09,0.00980392156862745,0.016611792876384313,1.0,0.07142857142857142,0.0,0.0,1.0,0.07142857142857142,3.5122574634822536e-10,0.0,0.011806375442739082
qbike,mysql,4,0.2222222222222222,4,0.2222222222222222,0,0.0,2.9766368888699032e-08,0.0,0.024244238252020354,4.0,0.2857142857142857,4.0,0.2857142857142857,0.0,0.0,3.9688509337349464e-08,0.0,0.03187721369539552
qbike,rabbit,6,0.38888888888888884,6,0.3333333333333333,1,0.05555555555555555,4.4517843736195955e-08,0.0784313725490196,0.039509129003292426,7.0,0.5,6.0,0.42857142857142855,1.0,0.07142857142857142,5.9357151132850115e-08,0.13186813186813187,0.051948051948051965
qbike,database-qbike-order,1,0.05555555555555555,0,0.0,1,0.05555555555555555,2.634191937053014e-10,0.0,0.008979347500748278,,,,,,,,,
qbike,database-qbike-intention,1,0.05555555555555555,0,0.0,1,0.05555555555555555,2.634191937053014e-10,0.0,0.008979347500748278,,,,,,,,,
qbike,database-qbike-trip,1,0.05555555555555555,0,0.0,1,0.05555555555555555,2.634191937053014e-10,0.0,0.008979347500748278,,,,,,,,,
qbike,database-qbike-uc,1,0.05555555555555555,0,0.0,1,0.05555555555555555,2.634191937053014e-10,0.0,0.008979347500748278,,,,,,,,,
qbike,user,2,0.1111111111111111,1,0.05555555555555555,1,0.05555555555555555,0.707103792673622,0.0,0.30185218877706366,2.0,0.14285714285714285,1.0,0.07142857142857142,1.0,0.07142857142857142,0.7071035567326258,0.0,0.30972441665687317
qbike,uc,2,0.1111111111111111,0,0.0,2,0.1111111111111111,2.634191937053014e-10,0.0,0.008979347500748278,2.0,0.14285714285714285,0.0,0.0,2.0,0.14285714285714285,3.5122574634822536e-10,0.0,0.011806375442739082
qbike,intention,2,0.1111111111111111,0,0.0,2,0.1111111111111111,2.634191937053014e-10,0.0,0.008979347500748278,2.0,0.14285714285714285,0.0,0.0,2.0,0.14285714285714285,3.5122574634822536e-10,0.0,0.011806375442739082
qbike,position,2,0.1111111111111111,0,0.0,2,0.1111111111111111,2.634191937053014e-10,0.0,0.008979347500748278,2.0,0.14285714285714285,0.0,0.0,2.0,0.14285714285714285,3.5122574634822536e-10,0.0,0.011806375442739082
qbike,order,2,0.1111111111111111,0,0.0,2,0.1111111111111111,2.634191937053014e-10,0.0,0.008979347500748278,2.0,0.14285714285714285,0.0,0.0,2.0,0.14285714285714285,3.5122574634822536e-10,0.0,0.011806375442739082
qbike,api-gateway,1,0.05555555555555555,0,0.0,1,0.05555555555555555,2.634191937053014e-10,0.0,0.008979347500748278,1.0,0.07142857142857142,0.0,0.0,1.0,0.07142857142857142,3.5122574634822536e-10,0.0,0.011806375442739082
qbike,zipkin,1,0.05555555555555555,0,0.0,1,0.05555555555555555,2.634191937053014e-10,0.0,0.008979347500748278,1.0,0.07142857142857142,0.0,0.0,1.0,0.07142857142857142,3.5122574634822536e-10,0.0,0.011806375442739082
sample-spring-cloud-webflux,account-service,2,0.5,1,0.25,1,0.25,0.3768150168973653,0.08333333333333333,0.13073629420628416,2.0,0.5,1.0,0.25,1.0,0.25,0.3768150168973653,0.08333333333333333,0.13073629420628416
sample-spring-cloud-webflux,gateway-service,5,1.25,2,0.5,3,0.75,0.5732796446078026,0.8333333333333333,0.3555404208343198,5.0,1.25,2.0,0.5,3.0,0.75,0.5732796446078026,0.8333333333333333,0.3555404208343198
sample-spring-cloud-webflux,customer-service,2,0.5,1,0.25,1,0.25,0.3768150168973653,0.08333333333333333,0.13073629420628416,2.0,0.5,1.0,0.25,1.0,0.25,0.3768150168973653,0.08333333333333333,0.13073629420628416
sample-spring-cloud-webflux,discovery-service,3,0.75,2,0.5,1,0.25,0.49536025092882285,0.5,0.2522506965468279,3.0,0.75,2.0,0.5,1.0,0.25,0.49536025092882285,0.5,0.2522506965468279
sample-spring-cloud-webflux,user,2,0.5,1,0.25,1,0.25,0.3768150168973653,0.0,0.13073629420628416,2.0,0.5,1.0,0.25,1.0,0.25,0.3768150168973653,0.0,0.13073629420628416
sample-spring-microservices-new,employee-service,6,0.8571428571428571,4,0.5714285714285714,2,0.2857142857142857,0.4083148800996026,0.02182539682539682,0.13167996845528612,6.0,0.8571428571428571,4.0,0.5714285714285714,2.0,0.2857142857142857,0.4083148800996026,0.02182539682539682,0.13167996845528612
sample-spring-microservices-new,config-service,4,0.7142857142857142,0,0.0,4,0.7142857142857142,2.4671121411124784e-08,0.0,0.03800070973584237,4.0,0.7142857142857142,0.0,0.0,4.0,0.7142857142857142,2.4671121411124784e-08,0.0,0.03800070973584237
sample-spring-microservices-new,department-service,6,0.8571428571428571,3,0.42857142857142855,3,0.42857142857142855,0.26705652576526745,0.02182539682539682,0.10260790197717859,6.0,0.8571428571428571,3.0,0.42857142857142855,3.0,0.42857142857142855,0.26705652576526745,0.02182539682539682,0.10260790197717859
sample-spring-microservices-new,gateway-service,8,1.1428571428571428,3,0.42857142857142855,4,0.7142857142857142,0.330215558751482,0.4107142857142857,0.2362584692097282,8.0,1.1428571428571428,3.0,0.42857142857142855,4.0,0.7142857142857142,0.330215558751482,0.4107142857142857,0.2362584692097282
sample-spring-microservices-new,organization-service,6,0.8571428571428571,2,0.2857142857142857,4,0.5714285714285714,0.17466682740657394,0.02182539682539682,0.08462512555921958,6.0,0.8571428571428571,2.0,0.2857142857142857,4.0,0.5714285714285714,0.17466682740657394,0.02182539682539682,0.08462512555921958
sample-spring-microservices-new,discovery-service,4,0.7142857142857142,4,0.5714285714285714,1,0.14285714285714285,0.4496243538171184,0.21428571428571427,0.14747938705558988,4.0,0.7142857142857142,4.0,0.5714285714285714,1.0,0.14285714285714285,0.4496243538171184,0.21428571428571427,0.14747938705558988
sample-spring-microservices-new,zipkin,4,0.5714285714285714,4,0.5714285714285714,0,0.0,0.6242904164189287,0.0,0.1811834759249462,4.0,0.5714285714285714,4.0,0.5714285714285714,0.0,0.0,0.6242904164189287,0.0,0.1811834759249462
sample-spring-microservices-new,user,2,0.2857142857142857,1,0.14285714285714285,1,0.14285714285714285,0.1746664573397528,0.0,0.07816496208220912,2.0,0.2857142857142857,1.0,0.14285714285714285,1.0,0.14285714285714285,0.1746664573397528,0.0,0.07816496208220912
scaffold-cloud,scaffold-txmanager,1,0.09090909090909091,0,0.0,1,0.09090909090909091,1.2968319825821219e-08,0.0,0.0125,1.0,0.09090909090909091,0.0,0.0,1.0,0.09090909090909091,1.2968319825821219e-08,0.0,0.0125
scaffold-cloud,scaffold-business-thirdparty-service,1,0.09090909090909091,0,0.0,1,0.09090909090909091,1.2968319825821219e-08,0.0,0.0125,1.0,0.09090909090909091,0.0,0.0,1.0,0.09090909090909091,1.2968319825821219e-08,0.0,0.0125
scaffold-cloud,scaffold-business-job-service,1,0.09090909090909091,0,0.0,1,0.09090909090909091,1.2968319825821219e-08,0.0,0.0125,1.0,0.09090909090909091,0.0,0.0,1.0,0.09090909090909091,1.2968319825821219e-08,0.0,0.0125
scaffold-cloud,scaffold-business-sys-service,1,0.09090909090909091,0,0.0,1,0.09090909090909091,1.2968319825821219e-08,0.0,0.0125,1.0,0.09090909090909091,0.0,0.0,1.0,0.09090909090909091,1.2968319825821219e-08,0.0,0.0125
scaffold-cloud,scaffold-zuul,3,0.2727272727272727,2,0.18181818181818182,1,0.09090909090909091,0.707109569357142,0.09090909090909091,0.4120835370422921,3.0,0.2727272727272727,2.0,0.18181818181818182,1.0,0.09090909090909091,0.707109569357142,0.09090909090909091,0.4120835370422921
scaffold-cloud,demo,2,0.18181818181818182,1,0.09090909090909091,1,0.09090909090909091,3.112396758197093e-07,0.0,0.017812500000000002,2.0,0.18181818181818182,1.0,0.09090909090909091,1.0,0.09090909090909091,3.112396758197093e-07,0.0,0.017812500000000002
scaffold-cloud,scaffold-config-server,2,0.18181818181818182,0,0.0,2,0.18181818181818182,1.2968319825821219e-08,0.0,0.0125,2.0,0.18181818181818182,0.0,0.0,2.0,0.18181818181818182,1.2968319825821219e-08,0.0,0.0125
scaffold-cloud,scaffold-eureka,10,0.9090909090909092,9,0.8181818181818182,1,0.09090909090909091,5.978395439703578e-06,0.16363636363636364,0.107328125,10.0,0.9090909090909092,9.0,0.8181818181818182,1.0,0.09090909090909091,5.978395439703578e-06,0.16363636363636364,0.107328125
scaffold-cloud,scaffold-route-openapi,1,0.09090909090909091,0,0.0,1,0.09090909090909091,1.2968319825821219e-08,0.0,0.0125,1.0,0.09090909090909091,0.0,0.0,1.0,0.09090909090909091,1.2968319825821219e-08,0.0,0.0125
scaffold-cloud,scaffold-route-app,1,0.09090909090909091,0,0.0,1,0.09090909090909091,1.2968319825821219e-08,0.0,0.0125,1.0,0.09090909090909091,0.0,0.0,1.0,0.09090909090909091,1.2968319825821219e-08,0.0,0.0125
scaffold-cloud,scaffold-route-operate,1,0.09090909090909091,0,0.0,1,0.09090909090909091,1.2968319825821219e-08,0.0,0.0125,1.0,0.09090909090909091,0.0,0.0,1.0,0.09090909090909091,1.2968319825821219e-08,0.0,0.0125
scaffold-cloud,user,2,0.18181818181818182,1,0.09090909090909091,1,0.09090909090909091,0.7071039929796168,0.0,0.3627758379577079,2.0,0.18181818181818182,1.0,0.09090909090909091,1.0,0.09090909090909091,0.7071039929796168,0.0,0.3627758379577079
spring-boot-microservices,web-portal,2,0.2222222222222222,1,0.1111111111111111,1,0.1111111111111111,4.5940255338611385e-08,0.0,0.01836964285714286,2.0,0.2222222222222222,1.0,0.1111111111111111,1.0,0.1111111111111111,4.5940255338611385e-08,0.0,0.01836964285714286
spring-boot-microservices,user-webservice,2,0.2222222222222222,1,0.1111111111111111,1,0.1111111111111111,4.5940255338611385e-08,0.0,0.01836964285714286,2.0,0.2222222222222222,1.0,0.1111111111111111,1.0,0.1111111111111111,4.5940255338611385e-08,0.0,0.01836964285714286
spring-boot-microservices,api-gateway,4,0.4444444444444444,3,0.3333333333333333,1,0.1111111111111111,0.7071090452589381,0.1111111111111111,0.40396171526691543,4.0,0.4444444444444444,3.0,0.3333333333333333,1.0,0.1111111111111111,0.7071090452589381,0.1111111111111111,0.40396171526691543
spring-boot-microservices,comments-webservice,3,0.3333333333333333,2,0.2222222222222222,1,0.1111111111111111,4.767882004752674e-07,0.0,0.026176741071428575,3.0,0.3333333333333333,2.0,0.2222222222222222,1.0,0.1111111111111111,4.767882004752674e-07,0.0,0.026176741071428575
spring-boot-microservices,auth-server,2,0.2222222222222222,1,0.1111111111111111,1,0.1111111111111111,4.5940255338611385e-08,0.0,0.01836964285714286,2.0,0.2222222222222222,1.0,0.1111111111111111,1.0,0.1111111111111111,4.5940255338611385e-08,0.0,0.01836964285714286
spring-boot-microservices,webservice-registry,6,0.7777777777777777,6,0.6666666666666666,1,0.1111111111111111,5.130557139788223e-06,0.1388888888888889,0.09526956026785714,6.0,0.7777777777777777,6.0,0.6666666666666666,1.0,0.1111111111111111,5.130557139788223e-06,0.1388888888888889,0.09526956026785714
spring-boot-microservices,task-webservice,3,0.3333333333333333,1,0.1111111111111111,2,0.2222222222222222,4.5940255338611385e-08,0.0,0.01836964285714286,3.0,0.3333333333333333,1.0,0.1111111111111111,2.0,0.2222222222222222,4.5940255338611385e-08,0.0,0.01836964285714286
spring-boot-microservices,configserver,8,0.8888888888888888,1,0.1111111111111111,6,0.7777777777777777,3.161026743482435e-09,0.1111111111111111,0.027750000000000004,8.0,0.8888888888888888,1.0,0.1111111111111111,6.0,0.7777777777777777,3.161026743482435e-09,0.1111111111111111,0.027750000000000004
spring-boot-microservices,github-repository,1,0.1111111111111111,0,0.0,1,0.1111111111111111,1.0536755811608118e-10,0.0,0.015000000000000003,1.0,0.1111111111111111,0.0,0.0,1.0,0.1111111111111111,1.0536755811608118e-10,0.0,0.015000000000000003
spring-boot-microservices,user,2,0.2222222222222222,1,0.1111111111111111,1,0.1111111111111111,0.707104517088128,0.0,0.3583634119652274,2.0,0.2222222222222222,1.0,0.1111111111111111,1.0,0.1111111111111111,0.707104517088128,0.0,0.3583634119652274
spring-boot-microservices-workshop,movie-info-service,2,0.6666666666666666,1,0.3333333333333333,1,0.3333333333333333,0.00141043442971899,0.0,0.18250774704106643,2.0,0.6666666666666666,1.0,0.3333333333333333,1.0,0.3333333333333333,0.00141043442971899,0.0,0.18250774704106643
spring-boot-microservices-workshop,ratings-data-service,2,0.6666666666666666,1,0.3333333333333333,1,0.3333333333333333,0.00141043442971899,0.0,0.18250774704106643,2.0,0.6666666666666666,1.0,0.3333333333333333,1.0,0.3333333333333333,0.00141043442971899,0.0,0.18250774704106643
spring-boot-microservices-workshop,movie-catalog-service,3,1.0,0,0.0,3,1.0,1.989329237967547e-06,0.0,0.14221347058250372,3.0,1.0,0.0,0.0,3.0,1.0,1.989329237967547e-06,0.0,0.14221347058250372
spring-boot-microservices-workshop,discovery-server,3,1.0,3,1.0,0,0.0,0.9999980106707621,0.0,0.49277103533536337,3.0,1.0,3.0,1.0,0.0,0.0,0.9999980106707621,0.0,0.49277103533536337
spring-cloud-movie-recommendation,recommendation-service,3,0.42857142857142855,2,0.2857142857142857,1,0.14285714285714285,0.31598921554896514,0.015873015873015872,0.09273346170180467,3.0,0.42857142857142855,2.0,0.2857142857142857,1.0,0.14285714285714285,0.31598921554896514,0.015873015873015872,0.09273346170180467
spring-cloud-movie-recommendation,config-service,6,0.8571428571428571,1,0.14285714285714285,4,0.7142857142857142,2.39575564424686e-07,0.14285714285714285,0.0346875,6.0,0.8571428571428571,1.0,0.14285714285714285,4.0,0.7142857142857142,2.39575564424686e-07,0.14285714285714285,0.0346875
spring-cloud-movie-recommendation,recommendation-client,7,1.0,3,0.42857142857142855,4,0.5714285714285714,0.5282388842636464,0.45238095238095233,0.32040694725388874,7.0,1.0,3.0,0.42857142857142855,4.0,0.5714285714285714,0.5282388842636464,0.45238095238095233,0.32040694725388874
spring-cloud-movie-recommendation,eureka-service,4,0.7142857142857142,4,0.5714285714285714,1,0.14285714285714285,0.5670698640650034,0.2857142857142857,0.26111858093889223,4.0,0.7142857142857142,4.0,0.5714285714285714,1.0,0.14285714285714285,0.5670698640650034,0.2857142857142857,0.26111858093889223
spring-cloud-movie-recommendation,user-service,3,0.42857142857142855,2,0.2857142857142857,1,0.14285714285714285,0.31598921554896514,0.015873015873015872,0.09273346170180467,3.0,0.42857142857142855,2.0,0.2857142857142857,1.0,0.14285714285714285,0.31598921554896514,0.015873015873015872,0.09273346170180467
spring-cloud-movie-recommendation,movie-service,3,0.42857142857142855,2,0.2857142857142857,1,0.14285714285714285,0.31598921554896514,0.015873015873015872,0.09273346170180467,3.0,0.42857142857142855,2.0,0.2857142857142857,1.0,0.14285714285714285,0.31598921554896514,0.015873015873015872,0.09273346170180467
spring-cloud-movie-recommendation,github-repository,1,0.14285714285714285,0,0.0,1,0.14285714285714285,1.3309753579149223e-08,0.0,0.018750000000000003,1.0,0.14285714285714285,0.0,0.0,1.0,0.14285714285714285,1.3309753579149223e-08,0.0,0.018750000000000003
spring-cloud-movie-recommendation,user,2,0.2857142857142857,1,0.14285714285714285,1,0.14285714285714285,0.3159871791566675,0.0,0.08683658670180468,2.0,0.2857142857142857,1.0,0.14285714285714285,1.0,0.14285714285714285,0.3159871791566675,0.0,0.08683658670180468
spring-netflix-oss-microservices,monitor-dashboard,3,0.2727272727272727,2,0.18181818181818182,1,0.09090909090909091,0.0016791719413551546,0.0,0.028357275168574565,3.0,0.2727272727272727,2.0,0.18181818181818182,1.0,0.09090909090909091,0.0016791719413551546,0.0,0.028357275168574565
spring-netflix-oss-microservices,card-statement-composite,2,0.18181818181818182,1,0.09090909090909091,1,0.09090909090909091,6.456561343433606e-251,0.0,0.015308035714285715,2.0,0.18181818181818182,1.0,0.09090909090909091,1.0,0.09090909090909091,6.456561343433606e-251,0.0,0.015308035714285715
spring-netflix-oss-microservices,card-service,2,0.18181818181818182,1,0.09090909090909091,1,0.09090909090909091,6.456561343433606e-251,0.0,0.015308035714285715,2.0,0.18181818181818182,1.0,0.09090909090909091,1.0,0.09090909090909091,6.456561343433606e-251,0.0,0.015308035714285715
spring-netflix-oss-microservices,discovery-service,7,0.6363636363636364,6,0.5454545454545454,1,0.09090909090909091,0.003358343882710309,0.12727272727272726,0.09149645013329151,7.0,0.6363636363636364,6.0,0.5454545454545454,1.0,0.09090909090909091,0.003358343882710309,0.12727272727272726,0.09149645013329151
spring-netflix-oss-microservices,statement-service,2,0.18181818181818182,1,0.09090909090909091,1,0.09090909090909091,6.456561343433606e-251,0.0,0.015308035714285715,2.0,0.18181818181818182,1.0,0.09090909090909091,1.0,0.09090909090909091,6.456561343433606e-251,0.0,0.015308035714285715
spring-netflix-oss-microservices,config-server,8,0.7272727272727273,1,0.09090909090909091,7,0.6363636363636364,1.539104414961144e-253,0.08181818181818182,0.023125,8.0,0.7272727272727273,1.0,0.09090909090909091,7.0,0.6363636363636364,1.539104414961144e-253,0.08181818181818182,0.023125
spring-netflix-oss-microservices,turbine,5,0.4545454545454546,2,0.18181818181818182,3,0.2727272727272727,0.0016791719413551546,0.09090909090909091,0.04605613925043124,5.0,0.4545454545454546,2.0,0.18181818181818182,3.0,0.2727272727272727,0.0016791719413551546,0.09090909090909091,0.04605613925043124
spring-netflix-oss-microservices,edge-server,4,0.36363636363636365,3,0.2727272727272727,1,0.09090909090909091,0.7079388904753331,0.09090909090909091,0.373714300286844,4.0,0.36363636363636365,3.0,0.2727272727272727,1.0,0.09090909090909091,0.7079388904753331,0.09090909090909091,0.373714300286844
spring-netflix-oss-microservices,rabbitmq,3,0.2727272727272727,2,0.18181818181818182,1,0.09090909090909091,0.0016791719413551546,0.045454545454545456,0.03617423945428885,3.0,0.2727272727272727,2.0,0.18181818181818182,1.0,0.09090909090909091,0.0016791719413551546,0.045454545454545456,0.03617423945428885
spring-netflix-oss-microservices,github-repository,1,0.09090909090909091,0,0.0,1,0.09090909090909091,1.8322671606680283e-256,0.0,0.0125,1.0,0.09090909090909091,0.0,0.0,1.0,0.09090909090909091,1.8322671606680283e-256,0.0,0.0125
spring-netflix-oss-microservices,user,2,0.18181818181818182,1,0.09090909090909091,1,0.09090909090909091,0.706259718533978,0.0,0.3301524885637128,2.0,0.18181818181818182,1.0,0.09090909090909091,1.0,0.09090909090909091,0.706259718533978,0.0,0.3301524885637128
spring-netflix-oss-microservices,monitor,1,0.09090909090909091,0,0.0,1,0.09090909090909091,1.8322671606680283e-256,0.0,0.0125,1.0,0.09090909090909091,0.0,0.0,1.0,0.09090909090909091,1.8322671606680283e-256,0.0,0.0125
springcloudmicroservices,serviceregistry,4,0.5714285714285714,3,0.42857142857142855,1,0.14285714285714285,0.5741300802355276,0.42857142857142855,0.25183755619593745,4.0,0.8,3.0,0.6000000000000001,1.0,0.2,0.5741290383926503,0.55,0.25884457548901546
springcloudmicroservices,user-service,4,0.5714285714285714,2,0.2857142857142857,2,0.2857142857142857,0.28048992980384485,0.13492063492063489,0.09919856334421322,3.0,0.6000000000000001,1.0,0.2,2.0,0.4,0.2804897332200531,0.03333333333333333,0.09405447748822177
springcloudmicroservices,rating-service,3,0.42857142857142855,2,0.2857142857142857,1,0.14285714285714285,0.44117994691744084,0.015873015873015872,0.12542081827518167,3.0,0.6000000000000001,2.0,0.4,1.0,0.2,0.4411799451250864,0.03333333333333333,0.13402791866562722
springcloudmicroservices,hotel-service,3,0.42857142857142855,2,0.2857142857142857,1,0.14285714285714285,0.28048992980384485,0.13492063492063489,0.09919856334421322,2.0,0.4,1.0,0.2,1.0,0.2,0.2804897332200531,0.03333333333333333,0.09405447748822177
springcloudmicroservices,api-gateway,6,0.8571428571428571,2,0.2857142857142857,4,0.5714285714285714,0.4896038158683141,0.5,0.3035834354962411,6.0,1.2000000000000002,2.0,0.4,4.0,0.8,0.489604566939675,0.8,0.32496407338069205
springcloudmicroservices,database-user-service,1,0.14285714285714285,0,0.0,1,0.14285714285714285,9.427222082870604e-08,0.0,0.018750000000000003,,,,,,,,,
springcloudmicroservices,database-hotel-service,1,0.14285714285714285,0,0.0,1,0.14285714285714285,9.427222082870604e-08,0.0,0.018750000000000003,,,,,,,,,
springcloudmicroservices,user,2,0.2857142857142857,1,0.14285714285714285,1,0.14285714285714285,0.28048851572053246,0.0,0.08326106334421322,2.0,0.4,1.0,0.2,1.0,0.2,0.2804897332200531,0.0,0.09405447748822177
Tap-And-Eat-MicroServices,account-service,2,0.25,1,0.125,1,0.125,1.3267115142541953e-05,0.0,0.06707434728122996,2.0,0.25,1.0,0.125,1.0,0.125,1.3267115142541953e-05,0.0,0.06707434728122996
Tap-And-Eat-MicroServices,config-service,8,1.0,1,0.125,7,0.875,3.972172385559247e-08,0.125,0.10132508616575098,8.0,1.0,1.0,0.125,7.0,0.875,3.972172385559247e-08,0.125,0.10132508616575098
Tap-And-Eat-MicroServices,foodtray-service,4,0.5,1,0.125,3,0.375,1.3267115142541953e-05,0.0,0.06707434728122996,4.0,0.5,1.0,0.125,3.0,0.375,1.3267115142541953e-05,0.0,0.06707434728122996
Tap-And-Eat-MicroServices,discovery-service,7,0.875,7,0.875,0,0.0,0.9999912201485119,0.0,0.4034498030493021,7.0,0.875,7.0,0.875,0.0,0.0,0.9999912201485119,0.0,0.4034498030493021
Tap-And-Eat-MicroServices,price-service,3,0.375,2,0.25,1,0.125,0.0029630155098586816,0.0,0.08607858290787834,3.0,0.375,2.0,0.25,1.0,0.125,0.0029630155098586816,0.0,0.08607858290787834
Tap-And-Eat-MicroServices,store-service,2,0.25,1,0.125,1,0.125,1.3267115142541953e-05,0.0,0.06707434728122996,2.0,0.25,1.0,0.125,1.0,0.125,1.3267115142541953e-05,0.0,0.06707434728122996
Tap-And-Eat-MicroServices,customer-service,2,0.25,1,0.125,1,0.125,1.3267115142541953e-05,0.0,0.06707434728122996,2.0,0.25,1.0,0.125,1.0,0.125,1.3267115142541953e-05,0.0,0.06707434728122996
Tap-And-Eat-MicroServices,item-service,3,0.375,2,0.25,1,0.125,0.0029630155098586816,0.0,0.08607858290787834,3.0,0.375,2.0,0.25,1.0,0.125,0.0029630155098586816,0.0,0.08607858290787834
Tap-And-Eat-MicroServices,github-repository,1,0.125,0,0.0,1,0.125,5.937477407412925e-11,0.0,0.054770555844270034,1.0,0.125,0.0,0.0,1.0,0.125,5.937477407412925e-11,0.0,0.054770555844270034
train-ticket,ts-contacts-service,4,0.07017543859649122,4,0.07017543859649122,0,0.0,6.926423102739218e-10,0.0,0.018951060722391916,3.0,0.08571428571428572,3.0,0.08571428571428572,0.0,0.0,2.5181628363398666e-10,0.0,0.020474228598779225
train-ticket,ts-notification-service,3,0.05263157894736842,2,0.03508771929824561,1,0.017543859649122806,3.4649017473439175e-10,0.0006265664160401002,0.017604185039811322,2.0,0.05714285714285714,1.0,0.02857142857142857,1.0,0.02857142857142857,8.402494063762366e-11,0.0008403361344537816,0.01808530264305387
train-ticket,ts-cancel-service,5,0.08771929824561403,0,0.0,5,0.08771929824561403,3.380391948628212e-13,0.0,0.008714805534779397,5.0,0.14285714285714285,0.0,0.0,5.0,0.14285714285714285,1.2926913944249795e-13,0.0,0.01545748409175598
train-ticket,ts-config-service,3,0.05263157894736842,3,0.05263157894736842,0,0.0,0.004873523469248701,0.0,0.024324292359900922,2.0,0.05714285714285714,2.0,0.05714285714285714,0.0,0.0,0.003845828086800145,0.0,0.028198268465005
train-ticket,ts-assurance-service,3,0.05263157894736842,3,0.05263157894736842,0,0.0,5.195662425041571e-10,0.0,0.01746949747155326,2.0,0.05714285714285714,2.0,0.05714285714285714,0.0,0.0,1.679206121358046e-10,0.0,0.017846410047481335
train-ticket,ts-order-other-service,9,0.15789473684210525,8,0.14035087719298245,1,0.017543859649122806,0.004873789660240919,0.001644736842105263,0.04516715338083602,8.0,0.22857142857142856,6.0,0.19999999999999998,1.0,0.02857142857142857,0.0038459372350687624,0.00273109243697479,0.05586099008193015
train-ticket,ts-route-service,8,0.14035087719298245,8,0.14035087719298245,0,0.0,0.0049115985599354015,0.0,0.0408337296415006,6.0,0.19999999999999998,6.0,0.19999999999999998,0.0,0.0,0.0038695223218230155,0.0,0.05155767494114836
train-ticket,ts-price-service,3,0.05263157894736842,3,0.05263157894736842,0,0.0,0.004873435027378068,0.0,0.022067142243911958,2.0,0.05714285714285714,2.0,0.05714285714285714,0.0,0.0,0.003845773722405005,0.0,0.024646434999403534
train-ticket,ts-preserve-service,11,0.19298245614035087,0,0.0,11,0.19298245614035087,3.380391948628212e-13,0.0,0.008714805534779397,11.0,0.3142857142857143,0.0,0.0,11.0,0.3142857142857143,1.2926913944249795e-13,0.0,0.01545748409175598
train-ticket,ts-security-service,5,0.08771929824561403,3,0.05263157894736842,2,0.03508771929824561,5.195662425041571e-10,0.0012531328320802004,0.01746949747155326,4.0,0.11428571428571428,2.0,0.05714285714285714,2.0,0.05714285714285714,1.679206121358046e-10,0.0008403361344537816,0.017846410047481335
train-ticket,ts-consign-service,4,0.07017543859649122,3,0.05263157894736842,1,0.017543859649122806,5.195662425041571e-10,0.0009398496240601503,0.01746949747155326,3.0,0.08571428571428572,2.0,0.05714285714285714,1.0,0.02857142857142857,1.679206121358046e-10,0.0016806722689075631,0.017846410047481335
train-ticket,ts-train-service,8,0.14035087719298245,8,0.14035087719298245,0,0.0,0.004911554339000085,0.0,0.037203949905192685,6.0,0.19999999999999998,6.0,0.19999999999999998,0.0,0.0,0.0038694951396254515,0.0,0.045119637527192974
train-ticket,ts-order-service,10,0.17543859649122806,9,0.15789473684210525,1,0.017543859649122806,0.004873789833316988,0.001958020050125313,0.04640178942320156,9.0,0.2571428571428571,8.0,0.22857142857142856,1.0,0.02857142857142857,0.0038459373189644345,0.0035714285714285718,0.058050838874678386
train-ticket,ts-food-service,6,0.10526315789473684,3,0.05263157894736842,3,0.05263157894736842,5.195662425041571e-10,0.005325814536340852,0.01746949747155326,5.0,0.14285714285714285,2.0,0.05714285714285714,3.0,0.08571428571428572,1.679206121358046e-10,0.004201680672268908,0.017846410047481335
train-ticket,ts-station-food-service,3,0.05263157894736842,3,0.05263157894736842,0,0.0,1.774033075032035e-07,0.0,0.034775799765735686,2.0,0.05714285714285714,2.0,0.05714285714285714,0.0,0.0,5.453231574295719e-08,0.0,0.033653029481750966
train-ticket,ts-rebook-service,6,0.10526315789473684,0,0.0,6,0.10526315789473684,3.380391948628212e-13,0.0,0.008714805534779397,6.0,0.17142857142857143,0.0,0.0,6.0,0.17142857142857143,1.2926913944249795e-13,0.0,0.01545748409175598
train-ticket,ts-train-food-service,2,0.03508771929824561,2,0.03508771929824561,0,0.0,1.3300929612025884e-07,0.0,0.021072093119179902,1.0,0.02857142857142857,1.0,0.02857142857142857,0.0,0.0,5.444842007145911e-08,0.0,0.020513936725261514
train-ticket,ts-admin-basic-info-service,5,0.08771929824561403,0,0.0,5,0.08771929824561403,3.380391948628212e-13,0.0,0.008714805534779397,5.0,0.14285714285714285,0.0,0.0,5.0,0.14285714285714285,1.2926913944249795e-13,0.0,0.01545748409175598
train-ticket,ts-food-delivery-service,2,0.03508771929824561,1,0.017543859649122806,1,0.017543859649122806,1.7341410696462735e-10,0.0003132832080200501,0.01612262178897267,1.0,0.02857142857142857,0.0,0.0,1.0,0.02857142857142857,1.2926913944249795e-13,0.0,0.01545748409175598
train-ticket,ts-consign-price-service,2,0.03508771929824561,2,0.03508771929824561,0,0.0,1.3300929612025884e-07,0.0,0.03097103577959437,1.0,0.02857142857142857,1.0,0.02857142857142857,0.0,0.0,5.444842007145911e-08,0.0,0.03062684199227257
train-ticket,ts-basic-service,8,0.14035087719298245,4,0.07017543859649122,4,0.07017543859649122,3.81191388839911e-05,0.006735588972431077,0.021000726334597868,8.0,0.22857142857142856,4.0,0.11428571428571428,4.0,0.11428571428571428,2.3721333454036893e-05,0.013025210084033614,0.030874126679926756
train-ticket,ts-preserve-other-service,11,0.19298245614035087,0,0.0,11,0.19298245614035087,3.380391948628212e-13,0.0,0.008714805534779397,11.0,0.3142857142857143,0.0,0.0,11.0,0.3142857142857143,1.2926913944249795e-13,0.0,0.01545748409175598
train-ticket,ts-station-service,9,0.15789473684210525,9,0.15789473684210525,0,0.0,0.9999283677715659,0.0,0.10643128944087847,8.0,0.22857142857142856,8.0,0.22857142857142856,0.0,0.0,0.9999554439287079,0.0,0.13305268151070568
train-ticket,ts-user-service,4,0.07017543859649122,4,0.07017543859649122,0,0.0,6.926423102739218e-10,0.0,0.018951060722391916,3.0,0.08571428571428572,3.0,0.08571428571428572,0.0,0.0,2.5181628363398666e-10,0.0,0.020474228598779225
train-ticket,ts-route-plan-service,4,0.07017543859649122,1,0.017543859649122806,3,0.05263157894736842,1.7341410696462735e-10,0.00010442773600668337,0.01019636878561805,4.0,0.11428571428571428,1.0,0.02857142857142857,3.0,0.08571428571428572,8.402494063762366e-11,0.00028011204481792715,0.01808530264305387
train-ticket,ts-payment-service,2,0.03508771929824561,2,0.03508771929824561,0,0.0,1.3300929612025884e-07,0.0,0.021460021719113348,1.0,0.02857142857142857,1.0,0.02857142857142857,0.0,0.0,5.444842007145911e-08,0.0,0.02120197102407071
train-ticket,ts-inside-payment-service,6,0.10526315789473684,3,0.05263157894736842,3,0.05263157894736842,5.195662425041571e-10,0.0020363408521303257,0.018838821082176868,5.0,0.14285714285714285,2.0,0.05714285714285714,3.0,0.08571428571428572,1.679206121358046e-10,0.002100840336134454,0.020275151435802115
train-ticket,ts-seat-service,9,0.15789473684210525,6,0.10526315789473684,3,0.05263157894736842,3.8119485036126706e-05,0.010025062656641603,0.023716925627802064,9.0,0.2571428571428571,6.0,0.17142857142857143,3.0,0.08571428571428572,2.3721501245379898e-05,0.019327731092436976,0.035691794023972885
train-ticket,ts-execute-service,2,0.03508771929824561,0,0.0,2,0.03508771929824561,3.380391948628212e-13,0.0,0.008714805534779397,2.0,0.05714285714285714,0.0,0.0,2.0,0.05714285714285714,1.2926913944249795e-13,0.0,0.01545748409175598
train-ticket,ts-travel-plan-service,5,0.08771929824561403,0,0.0,5,0.08771929824561403,3.380391948628212e-13,0.0,0.008714805534779397,5.0,0.14285714285714285,0.0,0.0,5.0,0.14285714285714285,1.2926913944249795e-13,0.0,0.01545748409175598
train-ticket,ts-travel2-service,9,0.15789473684210525,5,0.08771929824561403,4,0.07017543859649122,4.508665369321843e-08,0.005821846282372598,0.022648184242828863,8.0,0.22857142857142856,4.0,0.11428571428571428,4.0,0.11428571428571428,2.7517909520542843e-08,0.008053221288515405,0.02703171231052088
train-ticket,ts-travel-service,11,0.19298245614035087,7,0.12280701754385964,4,0.07017543859649122,1.780956117742828e-07,0.012087510442773598,0.028832291615401642,10.0,0.2857142857142857,6.0,0.17142857142857143,4.0,0.11428571428571428,8.20500959943606e-08,0.017296918767507004,0.034278013736774644
train-ticket,ts-admin-order-service,2,0.03508771929824561,0,0.0,2,0.03508771929824561,3.380391948628212e-13,0.0,0.008714805534779397,2.0,0.05714285714285714,0.0,0.0,2.0,0.05714285714285714,1.2926913944249795e-13,0.0,0.01545748409175598
train-ticket,ts-admin-travel-service,5,0.08771929824561403,0,0.0,5,0.08771929824561403,3.380391948628212e-13,0.0,0.008714805534779397,5.0,0.14285714285714285,0.0,0.0,5.0,0.14285714285714285,1.2926913944249795e-13,0.0,0.01545748409175598
train-ticket,ts-admin-route-service,2,0.03508771929824561,0,0.0,2,0.03508771929824561,3.380391948628212e-13,0.0,0.008714805534779397,2.0,0.05714285714285714,0.0,0.0,2.0,0.05714285714285714,1.2926913944249795e-13,0.0,0.01545748409175598
train-ticket,database-ts-contacts-service,1,0.017543859649122806,0,0.0,1,0.017543859649122806,3.380391948628212e-13,0.0,0.008714805534779397,,,,,,,,,
train-ticket,database-ts-notification-service,1,0.017543859649122806,0,0.0,1,0.017543859649122806,3.380391948628212e-13,0.0,0.008714805534779397,,,,,,,,,
train-ticket,database-ts-config-service,1,0.017543859649122806,0,0.0,1,0.017543859649122806,3.380391948628212e-13,0.0,0.008714805534779397,,,,,,,,,
train-ticket,database-ts-assurance-service,1,0.017543859649122806,0,0.0,1,0.017543859649122806,3.380391948628212e-13,0.0,0.008714805534779397,,,,,,,,,
train-ticket,database-ts-order-other-service,1,0.017543859649122806,0,0.0,1,0.017543859649122806,3.380391948628212e-13,0.0,0.008714805534779397,,,,,,,,,
train-ticket,database-ts-route-service,1,0.017543859649122806,0,0.0,1,0.017543859649122806,3.380391948628212e-13,0.0,0.008714805534779397,,,,,,,,,
train-ticket,database-ts-price-service,1,0.017543859649122806,0,0.0,1,0.017543859649122806,3.380391948628212e-13,0.0,0.008714805534779397,,,,,,,,,
train-ticket,database-ts-security-service,1,0.017543859649122806,0,0.0,1,0.017543859649122806,3.380391948628212e-13,0.0,0.008714805534779397,,,,,,,,,
train-ticket,database-ts-consign-service,1,0.017543859649122806,0,0.0,1,0.017543859649122806,3.380391948628212e-13,0.0,0.008714805534779397,,,,,,,,,
train-ticket,database-ts-train-service,1,0.017543859649122806,0,0.0,1,0.017543859649122806,3.380391948628212e-13,0.0,0.008714805534779397,,,,,,,,,
train-ticket,database-ts-order-service,1,0.017543859649122806,0,0.0,1,0.017543859649122806,3.380391948628212e-13,0.0,0.008714805534779397,,,,,,,,,
train-ticket,database-ts-food-service,1,0.017543859649122806,0,0.0,1,0.017543859649122806,3.380391948628212e-13,0.0,0.008714805534779397,,,,,,,,,
train-ticket,database-ts-station-food-service,1,0.017543859649122806,0,0.0,1,0.017543859649122806,3.380391948628212e-13,0.0,0.008714805534779397,,,,,,,,,
train-ticket,database-ts-train-food-service,1,0.017543859649122806,0,0.0,1,0.017543859649122806,3.380391948628212e-13,0.0,0.008714805534779397,,,,,,,,,
train-ticket,database-ts-food-delivery-service,1,0.017543859649122806,0,0.0,1,0.017543859649122806,3.380391948628212e-13,0.0,0.008714805534779397,,,,,,,,,
train-ticket,database-ts-consign-price-service,1,0.017543859649122806,0,0.0,1,0.017543859649122806,3.380391948628212e-13,0.0,0.008714805534779397,,,,,,,,,
train-ticket,database-ts-station-service,1,0.017543859649122806,0,0.0,1,0.017543859649122806,3.380391948628212e-13,0.0,0.008714805534779397,,,,,,,,,
train-ticket,database-ts-user-service,1,0.017543859649122806,0,0.0,1,0.017543859649122806,3.380391948628212e-13,0.0,0.008714805534779397,,,,,,,,,
train-ticket,database-ts-payment-service,1,0.017543859649122806,0,0.0,1,0.017543859649122806,3.380391948628212e-13,0.0,0.008714805534779397,,,,,,,,,
train-ticket,database-ts-inside-payment-service,1,0.017543859649122806,0,0.0,1,0.017543859649122806,3.380391948628212e-13,0.0,0.008714805534779397,,,,,,,,,
train-ticket,database-ts-travel2-service,1,0.017543859649122806,0,0.0,1,0.017543859649122806,3.380391948628212e-13,0.0,0.008714805534779397,,,,,,,,,
train-ticket,database-ts-travel-service,1,0.017543859649122806,0,0.0,1,0.017543859649122806,3.380391948628212e-13,0.0,0.008714805534779397,,,,,,,,,
train-ticket,mail-server,1,0.017543859649122806,1,0.017543859649122806,0,0.0,8.861528473731419e-08,0.0,0.02367769025980769,1.0,0.02857142857142857,1.0,0.02857142857142857,0.0,0.0,2.7266222506048342e-08,0.0,0.03082986850667529
website,authserver,2,0.5,1,0.25,1,0.25,0.3768150168973653,0.08333333333333333,0.13073629420628416,2.0,0.5,1.0,0.25,1.0,0.25,0.3768150168973653,0.08333333333333333,0.13073629420628416
website,backend,2,0.5,1,0.25,1,0.25,0.3768150168973653,0.08333333333333333,0.13073629420628416,2.0,0.5,1.0,0.25,1.0,0.25,0.3768150168973653,0.08333333333333333,0.13073629420628416
website,registry,3,0.75,2,0.5,1,0.25,0.49536025092882285,0.5,0.2522506965468279,3.0,0.75,2.0,0.5,1.0,0.25,0.49536025092882285,0.5,0.2522506965468279
website,gateway,5,1.25,2,0.5,3,0.75,0.5732796446078026,0.8333333333333333,0.3555404208343198,5.0,1.25,2.0,0.5,3.0,0.75,0.5732796446078026,0.8333333333333333,0.3555404208343198
website,user,2,0.5,1,0.25,1,0.25,0.3768150168973653,0.0,0.13073629420628416,2.0,0.5,1.0,0.25,1.0,0.25,0.3768150168973653,0.0,0.13073629420628416
