MS_system,node,Degree Centrality,Norm. Degree Centrality,In-degree Centrality,Norm. In-degree Centrality,Out-degree Centrality,Norm. Out-degree Centrality,Eigenvector Centrality,Betweenness Centrality,Closeness Centrality,PageRank Centrality,Hub Score,Authority Score,Subgraph Centrality,Clustering
Basilisk,benchmark-service,2,1.0,1,0.5,1,0.5,0.5000000644180599,0.0,0.6666666666666666,0.25675708783778944,0.4522482784566967,0.08717767496697536,1.5890917783042842,0.0
Basilisk,repository-service,2,1.0,1,0.5,1,0.5,0.5000000644180599,0.0,0.6666666666666666,0.25675708783778944,0.4522482784566967,0.08717767496697539,1.5890917783042844,0.0
Basilisk,rabbitmq,4,2.0,2,1.0,2,1.0,0.707106690085642,1.0,1.0,0.48648582432442095,0.09550344308660659,0.8256446500660491,2.17818355660857,0.0
blog-microservices,recommendation-service,2,0.2,1,0.1,1,0.1,9.834264676732177e-08,0.0,0.1,0.03857767966970804,0.09020693386306192,0.09461982226327795,4.7194952989770105,0.5
blog-microservices,product-service,2,0.2,1,0.1,1,0.1,9.834264676732177e-08,0.0,0.1,0.03857767966970804,0.09020693386306192,0.09461982226327792,4.719495298976998,0.5
blog-microservices,review-service,2,0.2,1,0.1,1,0.1,9.834264676732177e-08,0.0,0.1,0.03857767966970804,0.09020693386306192,0.09461982226327792,4.719495298977008,0.5
blog-microservices,composite-service,2,0.2,1,0.1,1,0.1,9.834264676732177e-08,0.0,0.1,0.03857767966970804,0.09020693386306192,0.09461982226327792,4.719495298977005,0.5
blog-microservices,monitor-dashboard,2,0.2,2,0.2,0,0.0,1.4259683781261654e-06,0.0,0.2,0.054973197257599894,-0.0,0.1256336149049639,4.009155699378136,0.5
blog-microservices,auth-server,1,0.1,1,0.1,0,0.0,9.834264676732177e-08,0.0,0.1,0.03857767966970804,-0.0,0.09461982226327792,2.2583986367518296,0.0
blog-microservices,config-server,9,0.9,0,0.0,9,0.9,3.5122373845472056e-09,0.0,0.0,0.035248640650005,0.446261756531643,-0.0,19.104360822783626,0.08333333333333333
blog-microservices,turbine-server,3,0.30000000000000004,1,0.1,2,0.2,9.834264676732177e-08,0.0,0.1,0.03857767966970804,0.1462724115299711,0.09461982226327792,6.570609984724262,0.3333333333333333
blog-microservices,edge-server,3,0.30000000000000004,2,0.2,1,0.1,0.7071067829258826,0.011111111111111112,0.2,0.24698484713475471,-0.0,0.10450838729406414,2.928389910872498,0.0
blog-microservices,discovery-server,6,0.6000000000000001,6,0.6000000000000001,0,0.0,6.736471303561539e-06,0.0,0.6,0.18613733796073467,-0.0,0.20213906422130445,13.39165117068807,0.16666666666666666
blog-microservices,user,2,0.2,1,0.1,1,0.1,0.7071067794136452,0.0,0.13333333333333333,0.24518989897865762,0.04663809648613831,-0.0,1.6074087471055376,0.0
DentalAppointment,appointment-service,4,0.5714285714285714,2,0.2857142857142857,2,0.2857142857142857,0.31622881023464355,0.05952380952380952,0.3214285714285714,0.1259269288499131,0.14103340068569534,0.22442390192101047,6.205025701098684,0.16666666666666666
DentalAppointment,approval-service,3,0.42857142857142855,1,0.14285714285714285,2,0.2857142857142857,0.15811444281474257,0.0,0.19047619047619047,0.08836957908325967,0.2661047424398166,0.15207225179554795,5.260361666667824,0.3333333333333333
DentalAppointment,hospital-manage-service,2,0.2857142857142857,2,0.2857142857142857,0,0.0,0.47434159436287127,0.0,0.38095238095238093,0.14188846307145925,-0.0,0.19041805190740946,3.4092761511078846,0.5
DentalAppointment,gateway-service,6,0.8571428571428571,1,0.14285714285714285,4,0.7142857142857142,0.15811444281474257,0.14285714285714285,0.14285714285714285,0.13973042272140337,0.5593120174332525,1.1956808935095244e-17,7.812567388161819,0.10714285714285714
DentalAppointment,message-service,4,0.5714285714285714,2,0.2857142857142857,2,0.2857142857142857,0.31622881023464355,0.10714285714285714,0.3214285714285714,0.1259269288499131,0.0335498394412356,0.22442390192101047,5.434687395510824,0.08333333333333333
DentalAppointment,personal-info-service,2,0.2857142857142857,2,0.2857142857142857,0,0.0,0.632454378491099,0.0,0.39682539682539686,0.1716534911644957,-0.0,0.047467720385667565,2.9282201837146875,0.0
DentalAppointment,user,2,0.2857142857142857,1,0.14285714285714285,1,0.14285714285714285,0.15811444281474257,0.0,0.14285714285714285,0.08836957908325967,7.088735947554038e-18,0.15207225179554795,1.8457613750313873,0.0
DentalAppointment,mail-server,1,0.14285714285714285,1,0.14285714285714285,0,0.0,0.3162272269429704,0.0,0.2857142857142857,0.11813460717629608,-0.0,0.00912192027380611,1.7404206072427466,0.0
geocoder-microservices,geocoderlocal-service,3,0.375,2,0.25,1,0.125,0.23497890214664843,0.0,0.3828125,0.05930807302612387,0.07186581211274493,0.16391962803534307,8.66061552056111,0.5
geocoder-microservices,zuul-gateway,5,0.625,3,0.375,2,0.25,0.5765340294753317,0.30357142857142855,0.5104166666666667,0.2730709909276808,0.062111681442624564,0.13106190088708794,9.812414362468626,0.16666666666666666
geocoder-microservices,geocoderremote-service,4,0.5,3,0.375,1,0.125,0.23497890214664946,0.026785714285714284,0.4083333333333333,0.0663914063594572,0.07186581211274493,0.2021629667320713,11.00927891447006,0.3333333333333333
geocoder-microservices,hystrix-dashboard,3,0.375,2,0.25,1,0.125,2.8676103667967156e-05,0.0,0.125,0.12685185185185185,0.04000122519475822,0.11561664791104345,4.612023871865976,0.0
geocoder-microservices,eureka-discovery,5,0.625,4,0.5,1,0.125,0.5350062397161907,0.21428571428571427,0.5568181818181818,0.16615367764308314,0.045344997511701096,0.20771574509095866,15.861217048087676,0.35
geocoder-microservices,configurator,6,0.75,0,0.0,6,0.75,2.6080764353531077e-17,0.0,0.0,0.01666666666666667,0.33943352174087404,-0.0,17.778720145202406,0.23333333333333334
geocoder-microservices,auth-service,6,0.75,3,0.375,3,0.375,0.36806702283094644,0.2232142857142857,0.47115384615384615,0.14216755565145694,0.19852362980384253,0.16059721048040698,18.37090615809496,0.26666666666666666
geocoder-microservices,mongodb,2,0.25,0,0.0,2,0.25,2.6080764353531077e-17,0.0,0.0,0.01666666666666667,0.12550832256900868,-0.0,4.256314648549088,0.5
geocoder-microservices,user,2,0.25,1,0.125,1,0.125,0.36806702283094433,0.0,0.3402777777777778,0.13272311120701252,0.045344997511701096,0.018925900863088454,1.8510979852694502,0.0
java-microservice,oauth,5,0.4545454545454546,3,0.2727272727272727,2,0.18181818181818182,2.3855443044387e-09,0.0012987012987012985,0.29090909090909095,0.05011800889431252,0.07065271237441549,0.10906542627844054,72.91992134225687,0.4
java-microservice,admin,9,0.8181818181818182,2,0.18181818181818182,7,0.6363636363636364,9.258257326411506e-12,0.0012987012987012985,0.20454545454545453,0.044691252345250176,0.18959530806918817,0.07335761153163974,165.8899068882545,0.3333333333333333
java-microservice,api-gateway,5,0.4545454545454546,3,0.2727272727272727,2,0.18181818181818182,2.3855443044387e-09,0.0012987012987012985,0.29090909090909095,0.05011800889431252,0.07065271237441549,0.10906542627844053,72.91992134225684,0.4
java-microservice,eureka-server,9,0.8181818181818182,8,0.7272727272727273,1,0.09090909090909091,0.009042635872507726,0.0012987012987012985,0.7575757575757576,0.16835721513501692,0.03223461216989349,0.1776348753833912,165.88990688825461,0.3333333333333333
java-microservice,mailer,6,0.5454545454545454,4,0.36363636363636365,2,0.18181818181818182,7.063001222794096e-05,0.01948051948051948,0.40909090909090906,0.09444380263199798,0.07065271237441549,0.11369659713282097,83.25339139778572,0.3
java-microservice,user,5,0.4545454545454546,3,0.2727272727272727,2,0.18181818181818182,2.3855443044387e-09,0.0012987012987012985,0.29090909090909095,0.05011800889431252,0.07065271237441549,0.10906542627844053,72.9199213422569,0.4
java-microservice,config-server,9,0.8181818181818182,1,0.09090909090909091,8,0.7272727272727273,2.39851226072837e-14,0.08181818181818182,0.09090909090909091,0.06346133554616115,0.20546077403978802,-4.850443259670396e-18,139.43928856447687,0.25
java-microservice,reminder,6,0.5454545454545454,3,0.2727272727272727,3,0.2727272727272727,2.3855443044387e-09,0.02857142857142857,0.29090909090909095,0.05011800889431252,0.08146759997823107,0.10906542627844053,83.25339139778572,0.3
java-microservice,zookeeper,8,0.7272727272727273,0,0.0,8,0.7272727272727273,3.1109108440056706e-17,0.0,0.0,0.03430383697190369,0.18404104947371008,-0.0,110.71390773584609,0.23214285714285715
java-microservice,kafka,3,0.2727272727272727,2,0.18181818181818182,1,0.09090909090909091,4.592173025895716e-07,0.00909090909090909,0.25252525252525254,0.052148563181853486,0.024589806771527098,0.0500051070084678,18.722730633208236,0.3333333333333333
java-microservice,github-repository,1,0.09090909090909091,0,0.0,1,0.09090909090909091,3.1109108440056706e-17,0.0,0.0,0.03430383697190369,-1.0490328252499723e-18,-0.0,4.172248760367161,0.0
java-microservice,logstash,8,0.7272727272727273,8,0.7272727272727273,0,0.0,0.9999591120379211,0.0,0.7857142857142857,0.30781812163866284,-0.0,0.14904410382991812,134.30938849993782,0.32142857142857145
jhipster-microservices-example,blog,3,0.75,2,0.5,1,0.25,0.508792420940552,0.0,0.6666666666666666,0.2288308113938837,0.07265292451305846,0.26344623069635437,3.3733790974581153,1.0
jhipster-microservices-example,jhipster-registry,8,2.0,4,1.0,4,1.0,0.6344553044127323,0.5833333333333333,0.8,0.3415171291111937,0.3825028652061708,0.3869908024281864,9.163432143784517,0.15384615384615385
jhipster-microservices-example,store,2,0.5,1,0.25,1,0.25,0.2823597200194308,0.0,0.5,0.10257269362977,0.14802509073721645,0.15962210336350044,2.043236098749623,0.0
jhipster-microservices-example,github-repository,1,0.25,0,0.0,1,0.25,8.755132991548683e-10,0.0,0.0,0.030000000000000006,0.14802509073721645,-0.0,2.043236098749623,0.0
jhipster-microservices-example,user,4,1.0,2,0.5,2,0.5,0.508792420940552,0.16666666666666666,0.6666666666666666,0.2970793658651528,0.24879402880633786,0.1899408635119588,3.373379097458112,0.5
micro_webshop,zuul,3,0.375,2,0.25,1,0.125,0.7071084898879564,0.125,0.5714285714285714,0.41492684265070234,0.0,0.0,2.6156500023528606,0.0
micro_webshop,eureka,7,0.875,6,0.75,1,0.125,3.6913718872932827e-06,0.21428571428571427,0.75,0.09918750000000001,0.0,0.6204017721389312,9.825365430249539,0.07142857142857142
micro_webshop,user-proxy,2,0.25,0,0.0,2,0.25,3.51224727620674e-09,0.0,0.0,0.01666666666666667,0.17819408002075632,0.0,3.2131983212281012,0.5
micro_webshop,product-service,2,0.25,1,0.125,1,0.125,9.131842918137521e-08,0.0,0.125,0.021388888888888895,0.1512434012719,0.1345231524157625,3.431191839306866,0.5
micro_webshop,category-service,2,0.25,1,0.125,1,0.125,9.131842918137521e-08,0.0,0.125,0.021388888888888895,0.1512434012719,0.1345231524157625,3.431191839306865,0.5
micro_webshop,security-service,2,0.25,1,0.125,1,0.125,9.131842918137521e-08,0.0,0.125,0.023750000000000004,0.1512434012719,0.11055192302954371,3.2131983212281003,0.5
micro_webshop,product-proxy,3,0.375,0,0.0,3,0.375,3.51224727620674e-09,0.0,0.0,0.01666666666666667,0.2168323148916437,0.0,4.788104234393898,0.3333333333333333
micro_webshop,auth-server,1,0.125,0,0.0,1,0.125,3.51224727620674e-09,0.0,0.0,0.01666666666666667,0.1512434012719,0.0,1.9587397286597565,0.0
micro_webshop,user,2,0.25,1,0.125,1,0.125,0.7071050724713566,0.0,0.38095238095238093,0.3693578795715198,0.0,0.0,1.6008222764700544,0.0
microservice,order,6,1.0,2,0.3333333333333333,4,0.6666666666666666,0.39223229971436085,0.02222222222222222,0.42857142857142855,0.11054484935358364,0.38767329106604664,0.22917905496133212,17.026730497235754,0.4166666666666667
microservice,eureka,5,0.8333333333333333,4,0.6666666666666666,1,0.16666666666666666,0.5883481051461716,0.5,0.6666666666666666,0.2510596654103399,-5.541724255506662e-18,0.20441727577991994,12.111481148189869,0.25
microservice,turbine,1,0.16666666666666666,0,0.0,1,0.16666666666666666,7.653897101502979e-08,0.0,0.0,0.021428571428571432,0.088846598480266,-0.0,1.961986746388154,0.0
microservice,catalog,3,0.5,2,0.3333333333333333,1,0.16666666666666666,0.39223229971436085,0.02222222222222222,0.5,0.11054484935358364,0.088846598480266,0.2291790549613322,7.921313578931372,0.5
microservice,zuul,6,1.0,2,0.3333333333333333,4,0.6666666666666666,0.3922323762533319,0.6333333333333333,0.6,0.3088231222209186,0.3457869134931553,-1.2750338165009119e-17,12.111481148189878,0.17857142857142858
microservice,customer,3,0.5,2,0.3333333333333333,1,0.16666666666666666,0.39223229971436085,0.02222222222222222,0.5,0.11054484935358364,0.088846598480266,0.2291790549613322,7.921313578931372,0.5
microservice,user,2,0.3333333333333333,1,0.16666666666666666,1,0.16666666666666666,0.19611664736049203,0.0,0.4,0.08705409287941888,-5.541724255506662e-18,0.10804555933608362,1.9619867463881548,0.0
microservice-consul,customer,3,0.6000000000000001,2,0.4,1,0.2,0.2891396150024189,0.0,0.44999999999999996,0.1293212700594241,0.10997437384888382,0.20785438479431353,7.75400035209386,0.5
microservice-consul,order,6,1.2000000000000002,2,0.4,4,0.8,0.2891396150024189,0.0,0.26666666666666666,0.1293212700594241,0.36733131797481083,0.20785438479431353,16.743677359577763,0.4166666666666667
microservice-consul,catalog,3,0.6000000000000001,2,0.4,1,0.2,0.2891396150024189,0.0,0.44999999999999996,0.1293212700594241,0.10997437384888382,0.20785438479431353,7.7540003520938585,0.5
microservice-consul,apache,6,1.2000000000000002,1,0.2,5,1.0,0.000929709372998132,0.2,0.2,0.16102921693153757,0.4127199343274215,-1.6001146048017566e-18,11.888913891326993,0.17857142857142858
microservice-consul,consul,4,0.8,4,0.8,0,0.0,0.8655594262612606,0.0,0.8333333333333334,0.34916633608381514,-0.0,0.2664624717681756,10.674062153306613,0.4166666666666667
microservice-consul,user,2,0.4,1,0.2,1,0.2,0.000929709372998132,0.0,0.2,0.1018406368063752,-6.603991946101289e-19,0.10997437384888381,1.9575755944619067,0.0
microservice-kafka,invoicing,4,0.5714285714285714,3,0.42857142857142855,1,0.14285714285714285,0.49999625185731844,0.023809523809523808,0.6363636363636364,0.20967614801577927,0.021446194674133542,0.28525311928226005,4.312729567368953,0.0
microservice-kafka,order,4,0.7142857142857142,3,0.42857142857142855,2,0.2857142857142857,2.711821727157851e-05,0.023809523809523808,0.3214285714285714,0.057493035518853854,0.11116040025894564,0.25399477715413366,8.367528991105313,0.0
microservice-kafka,shipping,4,0.5714285714285714,3,0.42857142857142855,1,0.14285714285714285,0.49999625185731844,0.023809523809523808,0.6363636363636364,0.20967614801577927,0.021446194674133542,0.28525311928226005,4.312729567368956,0.0
microservice-kafka,zookeeper,1,0.14285714285714285,0,0.0,1,0.14285714285714285,3.61866216366515e-25,0.0,0.0,0.018750000000000003,0.021446194674133542,-0.0,1.7384976256377556,0.0
microservice-kafka,kafka,6,0.8571428571428571,4,0.5714285714285714,2,0.2857142857142857,0.707112081300041,0.14285714285714285,0.6363636363636364,0.4155745769164068,0.2015101040559418,0.060717490630969685,5.4610327142423625,0.0
microservice-kafka,apache,4,0.7142857142857142,1,0.14285714285714285,4,0.5714285714285714,8.344066852793387e-07,0.09523809523809523,0.14285714285714285,0.04233409610983982,0.33176660202195807,2.7426859128026375e-17,5.461032714242362,0.0
microservice-kafka,postgres,3,0.42857142857142855,0,0.0,3,0.42857142857142855,3.61866216366515e-25,0.0,0.0,0.018750000000000003,0.29122430964075385,-0.0,4.532496847763797,0.0
microservice-kafka,user,2,0.2857142857142857,1,0.14285714285714285,1,0.14285714285714285,8.344066852793387e-07,0.0,0.14285714285714285,0.027745995423340962,9.687517617199925e-18,0.11478149365037665,1.7384976256377567,0.0
microservices-basics-spring-boot,web-portal,2,0.2,1,0.1,1,0.1,4.5940255338611345e-08,0.0,0.13333333333333333,0.01797914250430814,0.09083565844014031,0.1008325077865982,5.2404423191029315,0.5
microservices-basics-spring-boot,user-webservice,2,0.2,1,0.1,1,0.1,4.5940255338611345e-08,0.0,0.13333333333333333,0.01797914250430814,0.09083565844014031,0.10083250778659825,5.240442319102928,0.5
microservices-basics-spring-boot,api-gateway,4,0.4,3,0.30000000000000004,1,0.1,0.7071090452589373,0.08888888888888889,0.54,0.3964300288550945,-0.0,0.1263035063645557,6.135153167394774,0.1
microservices-basics-spring-boot,comments-webservice,3,0.30000000000000004,2,0.2,1,0.1,4.767882004752669e-07,0.0,0.22499999999999998,0.0256202780686391,0.09083565844014031,0.1380935431515458,8.217048803138328,0.5
microservices-basics-spring-boot,auth-server,2,0.2,1,0.1,1,0.1,4.5940255338611345e-08,0.0,0.13333333333333333,0.01797914250430814,0.09083565844014031,0.10083250778659825,5.240442319102934,0.5
microservices-basics-spring-boot,webservice-registry,7,0.7000000000000001,6,0.6000000000000001,1,0.1,5.130557139788221e-06,0.11111111111111112,0.6124999999999999,0.0932443278129681,0.04957155963836212,0.23144041155090722,18.739793432112663,0.16666666666666666
microservices-basics-spring-boot,task-webservice,3,0.30000000000000004,1,0.1,2,0.2,4.5940255338611345e-08,0.0,0.13333333333333333,0.01797914250430814,0.14503456793241573,0.10083250778659825,8.217048803138328,0.5
microservices-basics-spring-boot,configserver,9,0.9,1,0.1,8,0.8,3.1610267434824314e-09,0.1,0.1,0.0277974728716386,0.3924796790302987,-5.181881964359793e-18,22.35762659964513,0.09722222222222222
microservices-basics-spring-boot,zipkin-tracing,1,0.1,1,0.1,0,0.0,4.5940255338611345e-08,0.0,0.13333333333333333,0.01797914250430814,-0.0,0.10083250778659825,2.3335869046965967,0.0
microservices-basics-spring-boot,github-repository,1,0.1,0,0.0,1,0.1,1.0536755811608108e-10,0.0,0.0,0.01502566101169654,-2.0337833701448255e-18,-0.0,2.3335869046965967,0.0
microservices-basics-spring-boot,user,2,0.2,1,0.1,1,0.1,0.7071045170881273,0.0,0.3521739130434783,0.3519865188584221,0.04957155963836212,-0.0,1.7210728012294512,0.0
piggymetrics,statistics-service,6,0.5,4,0.3333333333333333,2,0.16666666666666666,0.27308295890933976,0.1148989898989899,0.3968253968253968,0.07984130888257157,0.06151179598569992,0.1503017955820958,32.434463480738536,0.2
piggymetrics,account-service,5,0.41666666666666663,3,0.25,2,0.16666666666666666,0.27308289676049163,0.03914141414141414,0.34722222222222227,0.0644674160342746,0.06151179598569992,0.1400992464585237,30.276293966459836,0.3
piggymetrics,notification-service,6,0.5,3,0.25,3,0.25,0.27308289676049163,0.1148989898989899,0.34722222222222227,0.0644674160342746,0.0659913141564778,0.1400992464585237,32.4344634807386,0.2
piggymetrics,config,8,0.6666666666666666,0,0.0,8,0.6666666666666666,3.884303003094106e-09,0.0,0.0,0.018086920326601138,0.27586652842382825,-0.0,54.651497265721815,0.25
piggymetrics,turbine-stream-service,4,0.3333333333333333,2,0.16666666666666666,2,0.16666666666666666,0.19550307627004718,0.12878787878787878,0.33333333333333337,0.10303900862822765,0.07231617289295,0.0658765242087749,13.910361933115821,0.16666666666666666
piggymetrics,registry,6,0.5833333333333333,6,0.5,1,0.08333333333333333,0.5853320635949328,0.30303030303030304,0.5555555555555556,0.1546971144240561,0.021667539402759565,0.15963263933421348,50.46557353390375,0.30952380952380953
piggymetrics,monitoring,2,0.16666666666666666,2,0.16666666666666666,0,0.0,0.09550539719615139,0.0,0.28809523809523807,0.06380118192690719,-0.0,0.07750156778111804,5.405072602063146,0.5
piggymetrics,auth-service,6,0.5,2,0.16666666666666666,4,0.3333333333333333,0.1834615582825173,0.003787878787878788,0.32051282051282054,0.05316888673783061,0.1799662535328108,0.10004077501884878,43.745381288613785,0.4
piggymetrics,gateway,8,0.6666666666666666,3,0.25,5,0.41666666666666663,0.37555856693521134,0.3939393939393939,0.43859649122807015,0.19505957632107732,0.17357557042843755,0.07105070098247,46.270466998861934,0.2222222222222222
piggymetrics,rabbitmq,4,0.3333333333333333,3,0.25,1,0.08333333333333333,0.4002053318051101,0.12121212121212122,0.3968253968253968,0.09768432352730605,0.020089628452260394,0.042072600113420545,13.684622255453114,0.0
piggymetrics,user,2,0.16666666666666666,1,0.08333333333333333,1,0.08333333333333333,0.1834614961336693,0.0,0.2976190476190476,0.051247150131793484,0.021667539402759565,0.03863597699090383,2.706787116430797,0.0
piggymetrics,external-website,1,0.08333333333333333,0,0.0,1,0.08333333333333333,3.884303003094106e-09,0.0,0.0,0.018086920326601138,0.0458358613363164,-0.0,2.3586767792811,0.0
piggymetrics,mail-server,1,0.08333333333333333,1,0.08333333333333333,0,0.0,0.13340162448578524,0.0,0.28809523809523807,0.03635277669847893,-0.0,0.014688927071107331,2.3586767792811063,0.0
qbike,qbike-order,2,0.14285714285714285,1,0.07142857142857142,1,0.07142857142857142,8.06765539361874e-07,0.11538461538461539,0.2692307692307692,0.05596221959858325,-2.894872041904037e-18,-0.0,2.801238922549051,0.0
qbike,qbike-intention,2,0.14285714285714285,0,0.0,2,0.14285714285714285,3.5122574634822536e-10,0.0,0.0,0.011806375442739082,-2.6536327050787006e-18,-0.0,2.9505684712328537,0.5
qbike,microservice-api-gateway,3,0.21428571428571427,2,0.14285714285714285,1,0.07142857142857142,0.7071100055885545,0.06593406593406594,0.32625482625482627,0.3504851465072353,-2.412393368253364e-19,4.9435784144406186e-18,2.42244034056323,0.0
qbike,qbike-trip,2,0.14285714285714285,1,0.07142857142857142,1,0.07142857142857142,1.018554664409853e-08,0.0,0.07142857142857142,0.01682408500590319,-2.894872041904037e-18,1.2358946036101546e-18,2.9505684712328537,0.5
qbike,eureka,4,0.3571428571428571,4,0.2857142857142857,1,0.07142857142857142,7.208908443797328e-06,0.1208791208791209,0.3601190476190476,0.08872786304604488,9.649573473013455e-19,-1.4830735243321856e-17,5.5468893268271495,0.05
qbike,qbike-uc,1,0.07142857142857142,0,0.0,1,0.07142857142857142,3.5122574634822536e-10,0.0,0.0,0.011806375442739082,-2.894872041904037e-18,-0.0,1.7749816711435848,0.0
qbike,mysql,4,0.2857142857142857,4,0.2857142857142857,0,0.0,3.9688509337349464e-08,0.0,0.2857142857142857,0.03187721369539552,-0.0,0.43844718719116965,4.838092614264646,0.0
qbike,rabbit,7,0.5,6,0.42857142857142855,1,0.07142857142857142,5.9357151132850115e-08,0.13186813186813187,0.42857142857142855,0.051948051948051965,-0.0,0.5615528128088303,8.332026384673844,0.0
qbike,user,2,0.14285714285714285,1,0.07142857142857142,1,0.07142857142857142,0.7071035567326258,0.0,0.24635568513119535,0.30972441665687317,9.649573473013455e-19,-1.2358946036101546e-18,1.5960600673778984,0.0
qbike,uc,2,0.14285714285714285,0,0.0,2,0.14285714285714285,3.5122574634822536e-10,0.0,0.0,0.011806375442739082,0.1951941016011038,-0.0,3.100887238437863,0.0
qbike,intention,2,0.14285714285714285,0,0.0,2,0.14285714285714285,3.5122574634822536e-10,0.0,0.0,0.011806375442739082,0.1951941016011038,-0.0,3.1008872384378625,0.0
qbike,position,2,0.14285714285714285,0,0.0,2,0.14285714285714285,3.5122574634822536e-10,0.0,0.0,0.011806375442739082,0.1951941016011038,-0.0,3.1008872384378634,0.0
qbike,order,2,0.14285714285714285,0,0.0,2,0.14285714285714285,3.5122574634822536e-10,0.0,0.0,0.011806375442739082,0.1951941016011038,-0.0,3.100887238437864,0.0
qbike,api-gateway,1,0.07142857142857142,0,0.0,1,0.07142857142857142,3.5122574634822536e-10,0.0,0.0,0.011806375442739082,0.10961179679779243,-0.0,1.9013765677937164,0.0
qbike,zipkin,1,0.07142857142857142,0,0.0,1,0.07142857142857142,3.5122574634822536e-10,0.0,0.0,0.011806375442739082,0.10961179679779243,-0.0,1.9013765677937162,0.0
sample-spring-cloud-webflux,account-service,2,0.5,1,0.25,1,0.25,0.3768150168973653,0.08333333333333333,0.5,0.13073629420628416,3.2049378106392736e-17,0.3333333333333333,3.1036748801962646,0.5
sample-spring-cloud-webflux,gateway-service,5,1.25,2,0.5,3,0.75,0.5732796446078026,0.8333333333333333,0.6666666666666666,0.3555404208343198,1.0,1.001543065824773e-18,5.207349760392519,0.1111111111111111
sample-spring-cloud-webflux,customer-service,2,0.5,1,0.25,1,0.25,0.3768150168973653,0.08333333333333333,0.5,0.13073629420628416,3.2049378106392736e-17,0.33333333333333337,3.103674880196262,0.5
sample-spring-cloud-webflux,discovery-service,3,0.75,2,0.5,1,0.25,0.49536025092882285,0.5,0.5714285714285714,0.2522506965468279,1.001543065824773e-18,3.2049378106392736e-17,4.360481641995326,0.3333333333333333
sample-spring-cloud-webflux,user,2,0.5,1,0.25,1,0.25,0.3768150168973653,0.0,0.4444444444444444,0.13073629420628416,1.001543065824773e-18,0.33333333333333337,1.743187248330007,0.0
sample-spring-microservices-new,employee-service,6,0.8571428571428571,4,0.5714285714285714,2,0.2857142857142857,0.4083148800996026,0.02182539682539682,0.6428571428571428,0.13167996845528612,0.11152772774083826,0.2160398753690229,41.12059630562399,0.43333333333333335
sample-spring-microservices-new,config-service,4,0.7142857142857142,0,0.0,4,0.7142857142857142,2.4671121411124784e-08,0.0,0.0,0.03800070973584237,0.22479919592205594,-0.0,32.75560866365456,0.5
sample-spring-microservices-new,department-service,6,0.8571428571428571,3,0.42857142857142855,3,0.42857142857142855,0.26705652576526745,0.02182539682539682,0.5142857142857142,0.10260790197717859,0.1757280142269878,0.17129085371625077,41.12059630562406,0.43333333333333335
sample-spring-microservices-new,gateway-service,8,1.1428571428571428,3,0.42857142857142855,4,0.7142857142857142,0.330215558751482,0.4107142857142857,0.5714285714285714,0.2362584692097282,0.2212243587790353,0.0674539617075465,43.60622843568801,0.24074074074074073
sample-spring-microservices-new,organization-service,6,0.8571428571428571,2,0.2857142857142857,4,0.5714285714285714,0.17466682740657394,0.02182539682539682,0.42857142857142855,0.08462512555921958,0.22663029262469714,0.11357960080960312,41.120596305624076,0.43333333333333335
sample-spring-microservices-new,discovery-service,4,0.7142857142857142,4,0.5714285714285714,1,0.14285714285714285,0.4496243538171184,0.21428571428571427,0.5714285714285714,0.14747938705558988,0.020045205353192815,0.1881057014175452,32.755608663654534,0.5
sample-spring-microservices-new,zipkin,4,0.5714285714285714,4,0.5714285714285714,0,0.0,0.6242904164189287,0.0,0.7,0.1811834759249462,-0.0,0.18719537152266832,22.490228974492535,0.5
sample-spring-microservices-new,user,2,0.2857142857142857,1,0.14285714285714285,1,0.14285714285714285,0.1746664573397528,0.0,0.36734693877551017,0.07816496208220912,0.020045205353192815,0.05633463545736317,2.6860475798121994,0.0
scaffold-cloud,scaffold-txmanager,1,0.09090909090909091,0,0.0,1,0.09090909090909091,1.2968319825821219e-08,0.0,0.0,0.0125,0.10961179679779241,0.0,2.116549521840253,0.0
scaffold-cloud,scaffold-business-thirdparty-service,1,0.09090909090909091,0,0.0,1,0.09090909090909091,1.2968319825821219e-08,0.0,0.0,0.0125,0.10961179679779241,0.0,2.116549521840251,0.0
scaffold-cloud,scaffold-business-job-service,1,0.09090909090909091,0,0.0,1,0.09090909090909091,1.2968319825821219e-08,0.0,0.0,0.0125,0.10961179679779241,0.0,2.1165495218402515,0.0
scaffold-cloud,scaffold-business-sys-service,1,0.09090909090909091,0,0.0,1,0.09090909090909091,1.2968319825821219e-08,0.0,0.0,0.0125,0.10961179679779241,0.0,2.116549521840251,0.0
scaffold-cloud,scaffold-zuul,3,0.2727272727272727,2,0.18181818181818182,1,0.09090909090909091,0.707109569357142,0.09090909090909091,0.55,0.4120835370422921,1.2261220557570336e-17,-7.469939226610388e-17,2.782684433490373,0.0
scaffold-cloud,demo,2,0.18181818181818182,1,0.09090909090909091,1,0.09090909090909091,3.112396758197093e-07,0.0,0.09090909090909091,0.017812500000000002,0.10961179679779241,0.1096117967977923,3.444636984506417,0.5
scaffold-cloud,scaffold-config-server,2,0.18181818181818182,0,0.0,2,0.18181818181818182,1.2968319825821219e-08,0.0,0.0,0.0125,0.12310562561766052,0.0,3.444636984506417,0.5
scaffold-cloud,scaffold-eureka,10,0.9090909090909092,9,0.8181818181818182,1,0.09090909090909091,5.978395439703578e-06,0.16363636363636364,0.8181818181818182,0.107328125,-9.195915418177752e-18,0.8903882032022076,12.924719208143982,0.011111111111111112
scaffold-cloud,scaffold-route-openapi,1,0.09090909090909091,0,0.0,1,0.09090909090909091,1.2968319825821219e-08,0.0,0.0,0.0125,0.10961179679779241,0.0,2.1165495218402515,0.0
scaffold-cloud,scaffold-route-app,1,0.09090909090909091,0,0.0,1,0.09090909090909091,1.2968319825821219e-08,0.0,0.0,0.0125,0.10961179679779241,0.0,2.1165495218402506,0.0
scaffold-cloud,scaffold-route-operate,1,0.09090909090909091,0,0.0,1,0.09090909090909091,1.2968319825821219e-08,0.0,0.0,0.0125,0.10961179679779241,0.0,2.116549521840251,0.0
scaffold-cloud,user,2,0.18181818181818182,1,0.09090909090909091,1,0.09090909090909091,0.7071039929796168,0.0,0.36666666666666664,0.3627758379577079,-9.195915418177752e-18,9.959918968813851e-17,1.6054732299243106,0.0
spring-boot-microservices,web-portal,2,0.2222222222222222,1,0.1111111111111111,1,0.1111111111111111,4.5940255338611385e-08,0.0,0.14814814814814814,0.01836964285714286,0.09766765138278025,0.10839018605518225,5.089709435803405,0.5
spring-boot-microservices,user-webservice,2,0.2222222222222222,1,0.1111111111111111,1,0.1111111111111111,4.5940255338611385e-08,0.0,0.14814814814814814,0.01836964285714286,0.09766765138278025,0.10839018605518223,5.089709435803401,0.5
spring-boot-microservices,api-gateway,4,0.4444444444444444,3,0.3333333333333333,1,0.1111111111111111,0.7071090452589381,0.1111111111111111,0.6,0.40396171526691543,-8.053772194618818e-18,0.13839053848437982,5.978095441824286,0.1
spring-boot-microservices,comments-webservice,3,0.3333333333333333,2,0.2222222222222222,1,0.1111111111111111,4.767882004752674e-07,0.0,0.25,0.026176741071428575,0.09766765138278025,0.15478646616345765,8.009879705316788,0.5
spring-boot-microservices,auth-server,2,0.2222222222222222,1,0.1111111111111111,1,0.1111111111111111,4.5940255338611385e-08,0.0,0.14814814814814814,0.01836964285714286,0.09766765138278025,0.10839018605518223,5.089709435803406,0.5
spring-boot-microservices,webservice-registry,6,0.7777777777777777,6,0.6666666666666666,1,0.1111111111111111,5.130557139788223e-06,0.1388888888888889,0.6805555555555556,0.09526956026785714,0.04946266383814053,0.2732622511314337,18.307877327554355,0.16666666666666666
spring-boot-microservices,task-webservice,3,0.3333333333333333,1,0.1111111111111111,2,0.2222222222222222,4.5940255338611385e-08,0.0,0.14814814814814814,0.01836964285714286,0.1529904431457516,0.10839018605518223,8.009879705316788,0.5
spring-boot-microservices,configserver,8,0.8888888888888888,1,0.1111111111111111,6,0.7777777777777777,3.161026743482435e-09,0.1111111111111111,0.1111111111111111,0.027750000000000004,0.35741362364684637,-2.2533478473603454e-17,20.018875481181983,0.125
spring-boot-microservices,github-repository,1,0.1111111111111111,0,0.0,1,0.1111111111111111,1.0536755811608118e-10,0.0,0.0,0.015000000000000003,-8.053772194618818e-18,-0.0,2.2496892971594464,0.0
spring-boot-microservices,user,2,0.2222222222222222,1,0.1111111111111111,1,0.1111111111111111,0.707104517088128,0.0,0.391304347826087,0.3583634119652274,0.04946266383814053,-2.2533478473603454e-17,1.717888436384927,0.0
spring-boot-microservices-workshop,movie-info-service,2,0.6666666666666666,1,0.3333333333333333,1,0.3333333333333333,0.00141043442971899,0.0,0.3333333333333333,0.18250774704106643,0.25,0.25000000000000006,3.018586034359641,0.5
spring-boot-microservices-workshop,ratings-data-service,2,0.6666666666666666,1,0.3333333333333333,1,0.3333333333333333,0.00141043442971899,0.0,0.3333333333333333,0.18250774704106643,0.25,0.25000000000000006,3.0185860343596342,0.5
spring-boot-microservices-workshop,movie-catalog-service,3,1.0,0,0.0,3,1.0,1.989329237967547e-06,0.0,0.0,0.14221347058250372,0.5000000000000001,-0.0,4.248218608460323,0.3333333333333333
spring-boot-microservices-workshop,discovery-server,3,1.0,3,1.0,0,0.0,0.9999980106707621,0.0,1.0,0.49277103533536337,-0.0,0.49999999999999994,4.248218608460325,0.3333333333333333
spring-cloud-movie-recommendation,recommendation-service,3,0.42857142857142855,2,0.2857142857142857,1,0.14285714285714285,0.31598921554896514,0.015873015873015872,0.5,0.09273346170180467,0.07402139068200075,0.19582538145646755,8.382149386100734,0.5
spring-cloud-movie-recommendation,config-service,6,0.8571428571428571,1,0.14285714285714285,4,0.7142857142857142,2.39575564424686e-07,0.14285714285714285,0.14285714285714285,0.0346875,0.3779969181291031,2.9169126333604266e-17,16.395294940889194,0.23333333333333334
spring-cloud-movie-recommendation,recommendation-client,7,1.0,3,0.42857142857142855,4,0.5714285714285714,0.5282388842636464,0.45238095238095233,0.6363636363636364,0.32040694725388874,0.27613924504131965,0.1502202642125233,16.395294940889197,0.175
spring-cloud-movie-recommendation,eureka-service,4,0.7142857142857142,4,0.5714285714285714,1,0.14285714285714285,0.5670698640650034,0.2857142857142857,0.6363636363636364,0.26111858093889223,0.06189983239178755,0.17963720475443198,14.935980254551879,0.35
spring-cloud-movie-recommendation,user-service,3,0.42857142857142855,2,0.2857142857142857,1,0.14285714285714285,0.31598921554896514,0.015873015873015872,0.5,0.09273346170180467,0.07402139068200075,0.19582538145646755,8.382149386100743,0.5
spring-cloud-movie-recommendation,movie-service,3,0.42857142857142855,2,0.2857142857142857,1,0.14285714285714285,0.31598921554896514,0.015873015873015872,0.5,0.09273346170180467,0.07402139068200075,0.19582538145646755,8.38214938610074,0.5
spring-cloud-movie-recommendation,github-repository,1,0.14285714285714285,0,0.0,1,0.14285714285714285,1.3309753579149223e-08,0.0,0.0,0.018750000000000003,1.2019443851533696e-17,-0.0,2.100331262841359,0.0
spring-cloud-movie-recommendation,user,2,0.2857142857142857,1,0.14285714285714285,1,0.14285714285714285,0.3159871791566675,0.0,0.4117647058823529,0.08683658670180468,0.06189983239178755,0.08266638666364202,2.10033126284136,0.0
spring-netflix-oss-microservices,monitor-dashboard,3,0.2727272727272727,2,0.18181818181818182,1,0.09090909090909091,0.0016791719413551546,0.0,0.25252525252525254,0.028357275168574565,0.09023318953468269,0.14880183063600308,8.159327540114564,0.5
spring-netflix-oss-microservices,card-statement-composite,2,0.18181818181818182,1,0.09090909090909091,1,0.09090909090909091,6.456561343433606e-251,0.0,0.12121212121212122,0.015308035714285715,0.09023318953468269,0.1000056462512045,5.10576866440016,0.5
spring-netflix-oss-microservices,card-service,2,0.18181818181818182,1,0.09090909090909091,1,0.09090909090909091,6.456561343433606e-251,0.0,0.12121212121212122,0.015308035714285715,0.09023318953468269,0.1000056462512045,5.105768664400156,0.5
spring-netflix-oss-microservices,discovery-service,7,0.6363636363636364,6,0.5454545454545454,1,0.09090909090909091,0.003358343882710309,0.12727272727272726,0.5664335664335665,0.09149645013329151,0.04437145495052023,0.2579384235560702,18.511601138586744,0.16666666666666666
spring-netflix-oss-microservices,statement-service,2,0.18181818181818182,1,0.09090909090909091,1,0.09090909090909091,6.456561343433606e-251,0.0,0.12121212121212122,0.015308035714285715,0.09023318953468269,0.1000056462512045,5.105768664400156,0.5
spring-netflix-oss-microservices,config-server,8,0.7272727272727273,1,0.09090909090909091,7,0.6363636363636364,1.539104414961144e-253,0.08181818181818182,0.09090909090909091,0.023125,0.33073520773486204,-2.6896661931046266e-18,20.229800621654494,0.125
spring-netflix-oss-microservices,turbine,5,0.4545454545454546,2,0.18181818181818182,3,0.2727272727272727,0.0016791719413551546,0.09090909090909091,0.24242424242424243,0.04605613925043124,0.16137705003811845,0.11183533755997983,9.230629834923183,0.16666666666666666
spring-netflix-oss-microservices,edge-server,4,0.36363636363636365,3,0.2727272727272727,1,0.09090909090909091,0.7079388904753331,0.09090909090909091,0.5,0.373714300286844,3.76364492023316e-18,0.12683917303429965,5.9945870514002415,0.1
spring-netflix-oss-microservices,rabbitmq,3,0.2727272727272727,2,0.18181818181818182,1,0.09090909090909091,0.0016791719413551546,0.045454545454545456,0.20779220779220778,0.03617423945428885,0.03912274515600138,0.054568296460033555,2.4882183160538336,0.0
spring-netflix-oss-microservices,github-repository,1,0.09090909090909091,0,0.0,1,0.09090909090909091,1.8322671606680283e-256,0.0,0.0,0.0125,-9.4091123005829e-19,-0.0,2.2537528130161375,0.0
spring-netflix-oss-microservices,user,2,0.18181818181818182,1,0.09090909090909091,1,0.09090909090909091,0.706259718533978,0.0,0.34375,0.3301524885637128,0.04437145495052023,1.0758664772418507e-17,1.7181056314470022,0.0
spring-netflix-oss-microservices,monitor,1,0.09090909090909091,0,0.0,1,0.09090909090909091,1.8322671606680283e-256,0.0,0.0,0.0125,0.019089329031246948,-0.0,1.5964586932503313,0.0
springcloudmicroservices,serviceregistry,4,0.8,3,0.6000000000000001,1,0.2,0.5741290383926503,0.55,0.625,0.25884457548901546,-3.087863511364305e-17,0.1798058983988962,7.649702190043632,0.3333333333333333
springcloudmicroservices,user-service,3,0.6000000000000001,1,0.2,2,0.4,0.2804897332200531,0.03333333333333333,0.45454545454545453,0.09405447748822177,0.28077640640441515,0.17980589839889619,5.962320717476415,0.5
springcloudmicroservices,rating-service,3,0.6000000000000001,2,0.4,1,0.2,0.4411799451250864,0.03333333333333333,0.5555555555555556,0.13402791866562722,0.10961179679779243,0.28077640640441515,5.962320717476419,0.5
springcloudmicroservices,hotel-service,2,0.4,1,0.2,1,0.2,0.2804897332200531,0.03333333333333333,0.45454545454545453,0.09405447748822177,0.10961179679779243,0.17980589839889619,3.6216039846233916,0.5
springcloudmicroservices,api-gateway,6,1.2000000000000002,2,0.4,4,0.8,0.489604566939675,0.8,0.625,0.32496407338069205,0.5,-5.065294877140552e-17,8.721300655782986,0.14285714285714285
springcloudmicroservices,user,2,0.4,1,0.2,1,0.2,0.2804897332200531,0.0,0.4166666666666667,0.09405447748822177,-3.087863511364305e-17,0.17980589839889619,1.8753572171600816,0.0
Tap-And-Eat-MicroServices,account-service,2,0.25,1,0.125,1,0.125,1.3267115142541953e-05,0.0,0.16666666666666666,0.06707434728122996,0.09663029763214671,0.09663029763214677,5.314362863440286,0.5
Tap-And-Eat-MicroServices,config-service,8,1.0,1,0.125,7,0.875,3.972172385559247e-08,0.125,0.125,0.10132508616575098,0.32033176314759876,2.918982483814278e-18,22.454261244820593,0.14285714285714285
Tap-And-Eat-MicroServices,foodtray-service,4,0.5,1,0.125,3,0.375,1.3267115142541953e-05,0.0,0.16666666666666666,0.06707434728122996,0.19651674869166755,0.09663029763214671,12.060955833459005,0.4166666666666667
Tap-And-Eat-MicroServices,discovery-service,7,0.875,7,0.875,0,0.0,0.9999912201485119,0.0,0.8888888888888888,0.4034498030493021,-0.0,0.30165693430664414,20.64356237917526,0.19047619047619047
Tap-And-Eat-MicroServices,price-service,3,0.375,2,0.25,1,0.125,0.0029630155098586816,0.0,0.28125,0.08607858290787834,0.09663029763214671,0.1559109375823844,8.86626177383822,0.5
Tap-And-Eat-MicroServices,store-service,2,0.25,1,0.125,1,0.125,1.3267115142541953e-05,0.0,0.16666666666666666,0.06707434728122996,0.09663029763214671,0.09663029763214671,5.314362863440286,0.5
Tap-And-Eat-MicroServices,customer-service,2,0.25,1,0.125,1,0.125,1.3267115142541953e-05,0.0,0.16666666666666666,0.06707434728122996,0.09663029763214671,0.09663029763214671,5.3143628634402855,0.5
Tap-And-Eat-MicroServices,item-service,3,0.375,2,0.25,1,0.125,0.0029630155098586816,0.0,0.28125,0.08607858290787834,0.09663029763214671,0.1559109375823844,8.86626177383822,0.5
Tap-And-Eat-MicroServices,github-repository,1,0.125,0,0.0,1,0.125,5.937477407412925e-11,0.0,0.0,0.054770555844270034,9.35042805637185e-19,-0.0,2.3066786185210444,0.0
train-ticket_v0.0.1,ts-contacts-service,4,0.10526315789473684,3,0.07894736842105263,1,0.02631578947368421,4.8808224560365315e-08,0.0007112375533428165,0.07894736842105263,0.01753298479302776,0.014490467581042834,0.04479348771269908,32.72578335737011,0.16666666666666666
train-ticket_v0.0.1,ts-admin-user-service,1,0.02631578947368421,0,0.0,1,0.02631578947368421,8.001348288584478e-10,0.0,0.0,0.013367004552363499,0.014490467581042834,-0.0,3.9813918346966224,0.0
train-ticket_v0.0.1,ts-food-map-service,1,0.02631578947368421,1,0.02631578947368421,0,0.0,3.208540663722377e-07,0.0,0.047368421052631574,0.017690813072177874,-0.0,0.00469243452537563,2.4035604566326296,0.0
train-ticket_v0.0.1,ts-notification-service,4,0.10526315789473684,3,0.07894736842105263,1,0.02631578947368421,4.8808224560365315e-08,0.0021337126600284497,0.07894736842105263,0.01753298479302776,-0.0,0.04825912217768908,22.353120953283696,0.0
train-ticket_v0.0.1,ts-login-service,2,0.05263157894736842,0,0.0,2,0.05263157894736842,8.001348288584478e-10,0.0,0.0,0.013367004552363499,0.01545885364125306,-0.0,4.968206017906936,0.0
train-ticket_v0.0.1,ts-cancel-service,5,0.13157894736842105,0,0.0,5,0.13157894736842105,8.001348288584478e-10,0.0,0.0,0.013367004552363499,0.05273208597432781,-0.0,45.09604847947963,0.2
train-ticket_v0.0.1,ts-config-service,2,0.05263157894736842,2,0.05263157894736842,0,0.0,0.15557938191968215,0.0,0.13844393592677345,0.02075222277404817,-0.0,0.013421091876513481,6.584492551694108,0.0
train-ticket_v0.0.1,ts-assurance-service,3,0.07894736842105263,2,0.05263157894736842,1,0.02631578947368421,3.280552798319636e-08,0.0,0.05263157894736842,0.015260631934483617,0.014490467581042834,0.03961883269198527,27.693921153788974,0.3333333333333333
train-ticket_v0.0.1,ts-order-other-service,11,0.2894736842105263,9,0.23684210526315788,2,0.05263157894736842,0.2655907028714275,0.007112375533428165,0.2807017543859649,0.05225631700379134,0.030694948887739045,0.0768843056471705,172.24654687236136,0.12727272727272726
train-ticket_v0.0.1,ts-route-service,5,0.13157894736842105,5,0.13157894736842105,0,0.0,0.330030971151111,0.0,0.2117794486215539,0.04490081819614763,-0.0,0.027126694401465683,26.61683236243881,0.1
train-ticket_v0.0.1,ts-price-service,3,0.07894736842105263,3,0.07894736842105263,0,0.0,0.265587110266046,0.0,0.1588345864661654,0.033246136190991496,-0.0,0.009776101982650791,8.281286615639653,0.16666666666666666
train-ticket_v0.0.1,ts-preserve-service,12,0.3157894736842105,0,0.0,12,0.3157894736842105,8.001348288584478e-10,0.0,0.0,0.013367004552363499,0.12131074461639088,-0.0,181.3024785868081,0.09090909090909091
train-ticket_v0.0.1,ts-security-service,4,0.10526315789473684,2,0.05263157894736842,2,0.05263157894736842,3.280552798319636e-08,0.0007112375533428165,0.05263157894736842,0.015260631934483617,0.025592680450260002,0.03961883269198527,49.642782723801346,0.16666666666666666
train-ticket_v0.0.1,ts-consign-service,3,0.07894736842105263,2,0.05263157894736842,1,0.02631578947368421,3.280552798319636e-08,0.001422475106685633,0.05263157894736842,0.015260631934483617,1.4378817940924683e-19,0.03961883269198527,15.316495823893147,0.0
train-ticket_v0.0.1,ts-train-service,4,0.10526315789473684,4,0.10526315789473684,0,0.0,0.330030803122797,0.0,0.20215311004784692,0.03256855037211028,-0.0,0.024480661477040613,20.659749369876405,0.0
train-ticket_v0.0.1,ts-order-service,11,0.2894736842105263,9,0.23684210526315788,2,0.05263157894736842,0.26559267920445473,0.007823613086770981,0.2929061784897025,0.052991389955955176,0.030694948887739045,0.077023425738463,175.44097165768488,0.12727272727272726
train-ticket_v0.0.1,ts-verification-code-service,2,0.05263157894736842,2,0.05263157894736842,0,0.0,3.280552798319636e-08,0.0,0.05263157894736842,0.022835141462964087,-0.0,0.005823622184557575,2.6911859240051386,0.0
train-ticket_v0.0.1,ts-food-service,5,0.13157894736842105,2,0.05263157894736842,3,0.07894736842105263,3.280552798319636e-08,0.0017780938833570413,0.05263157894736842,0.015260631934483617,0.028638144732352756,0.03961883269198527,48.89886297624104,0.15
train-ticket_v0.0.1,ts-rebook-service,8,0.21052631578947367,0,0.0,8,0.21052631578947367,8.001348288584478e-10,0.0,0.0,0.013367004552363499,0.09690029959509547,-0.0,146.88834810727178,0.25
train-ticket_v0.0.1,ts-register-service,3,0.07894736842105263,0,0.0,3,0.07894736842105263,8.001348288584478e-10,0.0,0.0,0.013367004552363499,0.020082981644035217,-0.0,9.22323323504674,0.0
train-ticket_v0.0.1,ts-admin-basic-info-service,5,0.13157894736842105,0,0.0,5,0.13157894736842105,8.001348288584478e-10,0.0,0.0,0.013367004552363499,0.03158115869743241,-0.0,15.805563438101565,0.0
train-ticket_v0.0.1,ts-consign-price-service,1,0.02631578947368421,1,0.02631578947368421,0,0.0,3.208540663722377e-07,0.0,0.047368421052631574,0.02633843011180662,-0.0,8.647047555631404e-19,1.8238452881922467,0.0
train-ticket_v0.0.1,ts-basic-service,5,0.13157894736842105,1,0.02631578947368421,4,0.10526315789473684,0.1555792138913681,0.0021337126600284497,0.12246963562753037,0.025545544985193916,0.02641168277623353,0.00027382402089999255,22.459947602539046,0.05
train-ticket_v0.0.1,ts-preserve-other-service,12,0.3157894736842105,0,0.0,12,0.3157894736842105,8.001348288584478e-10,0.0,0.0,0.013367004552363499,0.12048482197579719,-0.0,177.36556384066728,0.08333333333333333
train-ticket_v0.0.1,ts-station-service,10,0.2631578947368421,10,0.2631578947368421,0,0.0,0.48561602522659497,0.0,0.34133126934984526,0.07857256609857717,-0.0,0.09744954074043397,150.81878657393054,0.07777777777777778
train-ticket_v0.0.1,ts-route-plan-service,5,0.13157894736842105,1,0.02631578947368421,4,0.10526315789473684,1.6802831406027405e-08,0.0002370791844476055,0.02631578947368421,0.015260631934483617,0.043219234021261675,0.010618150938739624,46.3153263339015,0.25
train-ticket_v0.0.1,ts-ticketinfo-service,7,0.18421052631578946,5,0.13157894736842105,2,0.05263157894736842,0.22002295475620884,0.01422475106685633,0.17543859649122806,0.028655213930552936,0.0016711606521778834,0.0652153671460147,76.28920500787521,0.11904761904761904
train-ticket_v0.0.1,ts-payment-service,1,0.02631578947368421,1,0.02631578947368421,0,0.0,4.7287968385534255e-07,0.0,0.06015037593984962,0.01927364665112158,-0.0,0.004310883205842208,2.4236150291750067,0.0
train-ticket_v0.0.1,ts-inside-payment-service,6,0.15789473684210525,3,0.07894736842105263,3,0.07894736842105263,4.8808224560365315e-08,0.004267425320056899,0.07894736842105263,0.020846832711737966,0.02630951939884456,0.02780830448487675,45.32007821340681,0.13333333333333333
train-ticket_v0.0.1,ts-seat-service,11,0.2894736842105263,6,0.15789473684210525,5,0.13157894736842105,0.22002297075890542,0.013513513513513514,0.17763157894736842,0.030075434467143024,0.05032838517521862,0.08109273335073226,166.38773154237745,0.18867924528301888
train-ticket_v0.0.1,ts-execute-service,2,0.05263157894736842,0,0.0,2,0.05263157894736842,8.001348288584478e-10,0.0,0.0,0.013367004552363499,0.025592680450260002,-0.0,13.842035076272197,0.0
train-ticket_v0.0.1,ts-travel-plan-service,6,0.15789473684210525,0,0.0,6,0.15789473684210525,8.001348288584478e-10,0.0,0.0,0.013367004552363499,0.06480306581352913,-0.0,74.36071187579999,0.3
train-ticket_v0.0.1,ts-travel2-service,11,0.2894736842105263,6,0.15789473684210525,5,0.13157894736842105,0.15557959795608592,0.013217164532954009,0.16396761133603238,0.03166427006149543,0.045695316498595775,0.06525262301798108,131.73234315103963,0.12962962962962962
train-ticket_v0.0.1,ts-travel-service,12,0.3157894736842105,7,0.18421052631578946,5,0.13157894736842105,0.15557991801001747,0.021040777619724987,0.1937799043062201,0.0359880785813098,0.045718450203501994,0.07008038711691085,153.05813235048313,0.11538461538461539
train-ticket_v0.0.1,ts-admin-order-service,2,0.05263157894736842,0,0.0,2,0.05263157894736842,8.001348288584478e-10,0.0,0.0,0.013367004552363499,0.025592680450260002,-0.0,13.842035076272197,0.0
train-ticket_v0.0.1,ts-admin-travel-service,2,0.05263157894736842,0,0.0,2,0.05263157894736842,8.001348288584478e-10,0.0,0.0,0.013367004552363499,0.022503966835011057,-0.0,11.86541167721239,0.0
train-ticket_v0.0.1,ts-sso-service,11,0.2894736842105263,11,0.2894736842105263,0,0.0,0.3756084809112418,0.0,0.35695006747638325,0.11238838130180291,-0.0,0.08714190748600208,136.58052215643355,0.09090909090909091
train-ticket_v0.0.1,ts-admin-route-service,1,0.02631578947368421,0,0.0,1,0.02631578947368421,8.001348288584478e-10,0.0,0.0,0.013367004552363499,0.004510785879554407,-0.0,2.0977042383204587,0.0
train-ticket_v0.0.1,mail-server,1,0.02631578947368421,1,0.02631578947368421,0,0.0,4.7287968385534255e-07,0.0,0.06015037593984962,0.028270023631873517,-0.0,-0.0,1.9624646315351506,0.0
train-ticket_v1.0.0,ts-contacts-service,3,0.08571428571428572,3,0.08571428571428572,0,0.0,2.5181628363398666e-10,0.0,0.08571428571428572,0.020474228598779225,-0.0,0.05502416092375843,11.962054753755886,0.0
train-ticket_v1.0.0,ts-notification-service,2,0.05714285714285714,1,0.02857142857142857,1,0.02857142857142857,8.402494063762366e-11,0.0008403361344537816,0.02857142857142857,0.01808530264305387,3.526138254349126e-19,0.006890115959341959,2.6013917891190386,0.0
train-ticket_v1.0.0,ts-cancel-service,5,0.14285714285714285,0,0.0,5,0.14285714285714285,1.2926913944249795e-13,0.0,0.0,0.01545748409175598,0.04040288861487747,-0.0,14.872778211740506,0.1
train-ticket_v1.0.0,ts-config-service,2,0.05714285714285714,2,0.05714285714285714,0,0.0,0.003845828086800145,0.0,0.15031055900621118,0.028198268465005,-0.0,0.01326428942277811,5.094163862480831,0.0
train-ticket_v1.0.0,ts-assurance-service,2,0.05714285714285714,2,0.05714285714285714,0,0.0,1.679206121358046e-10,0.0,0.05714285714285714,0.017846410047481335,-0.0,0.04628339694187408,8.981459248546614,0.0
train-ticket_v1.0.0,ts-order-other-service,8,0.22857142857142856,6,0.19999999999999998,1,0.02857142857142857,0.0038459372350687624,0.00273109243697479,0.2472527472527472,0.05586099008193015,0.018076677362311677,0.05036657287434968,41.35614977441587,0.07142857142857142
train-ticket_v1.0.0,ts-route-service,6,0.19999999999999998,6,0.19999999999999998,0,0.0,0.0038695223218230155,0.0,0.23047619047619045,0.05155767494114836,-0.0,0.06830719867496035,48.91876868783647,0.16666666666666666
train-ticket_v1.0.0,ts-price-service,2,0.05714285714285714,2,0.05714285714285714,0,0.0,0.003845773722405005,0.0,0.1382857142857143,0.024646434999403534,-0.0,0.017482186107282704,5.05986802118967,0.0
train-ticket_v1.0.0,ts-preserve-service,11,0.3142857142857143,0,0.0,11,0.3142857142857143,1.2926913944249795e-13,0.0,0.0,0.01545748409175598,0.13903094173993835,-0.0,83.99939571638457,0.06363636363636363
train-ticket_v1.0.0,ts-security-service,4,0.11428571428571428,2,0.05714285714285714,2,0.05714285714285714,1.679206121358046e-10,0.0008403361344537816,0.05714285714285714,0.017846410047481335,0.023795049504299,0.04628339694187408,24.041711766019752,0.16666666666666666
train-ticket_v1.0.0,ts-consign-service,3,0.08571428571428572,2,0.05714285714285714,1,0.02857142857142857,1.679206121358046e-10,0.0016806722689075631,0.05714285714285714,0.017846410047481335,-1.763069127174563e-19,0.04628339694187408,9.958915942203546,0.0
train-ticket_v1.0.0,ts-train-service,6,0.19999999999999998,6,0.19999999999999998,0,0.0,0.0038694951396254515,0.0,0.23047619047619045,0.045119637527192974,-0.0,0.07540856739765464,52.61160673573367,0.16666666666666666
train-ticket_v1.0.0,ts-order-service,9,0.2571428571428571,8,0.22857142857142856,1,0.02857142857142857,0.0038459373189644345,0.0035714285714285718,0.2571428571428571,0.058050838874678386,0.018076677362311677,0.06522939204174494,53.16418552382257,0.08333333333333333
train-ticket_v1.0.0,ts-food-service,5,0.14285714285714285,2,0.05714285714285714,3,0.08571428571428572,1.679206121358046e-10,0.004201680672268908,0.05714285714285714,0.017846410047481335,0.015444515391195285,0.04628339694187408,20.7789804017349,0.05
train-ticket_v1.0.0,ts-station-food-service,2,0.05714285714285714,2,0.05714285714285714,0,0.0,5.453231574295719e-08,0.0,0.07619047619047618,0.033653029481750966,-0.0,0.0027296561758458947,2.673654199725188,0.0
train-ticket_v1.0.0,ts-rebook-service,6,0.17142857142857143,0,0.0,6,0.17142857142857143,1.2926913944249795e-13,0.0,0.0,0.01545748409175598,0.08049285975843298,-0.0,41.12442466093225,0.16666666666666666
train-ticket_v1.0.0,ts-train-food-service,1,0.02857142857142857,1,0.02857142857142857,0,0.0,5.444842007145911e-08,0.0,0.05142857142857143,0.020513936725261514,-0.0,0.0026338340061653974,2.0201898350183236,0.0
train-ticket_v1.0.0,ts-admin-basic-info-service,5,0.14285714285714285,0,0.0,5,0.14285714285714285,1.2926913944249795e-13,0.0,0.0,0.01545748409175598,0.05125488680494361,-0.0,12.862536951211881,0.0
train-ticket_v1.0.0,ts-food-delivery-service,1,0.02857142857142857,0,0.0,1,0.02857142857142857,1.2926913944249795e-13,0.0,0.0,0.01545748409175598,0.0005618907535493493,-0.0,1.5990762102232428,0.0
train-ticket_v1.0.0,ts-consign-price-service,1,0.02857142857142857,1,0.02857142857142857,0,0.0,5.444842007145911e-08,0.0,0.05142857142857143,0.03062684199227257,-0.0,-8.56496125098204e-19,1.7625693155731015,0.0
train-ticket_v1.0.0,ts-basic-service,8,0.22857142857142856,4,0.11428571428571428,4,0.11428571428571428,2.3721333454036893e-05,0.013025210084033614,0.16530612244897958,0.030874126679926756,0.05125874608673854,0.06756233690685666,73.42186361024245,0.14285714285714285
train-ticket_v1.0.0,ts-preserve-other-service,11,0.3142857142857143,0,0.0,11,0.3142857142857143,1.2926913944249795e-13,0.0,0.0,0.01545748409175598,0.13236985069887178,-0.0,78.25189828213092,0.05454545454545454
train-ticket_v1.0.0,ts-station-service,8,0.22857142857142856,8,0.22857142857142856,0,0.0,0.9999554439287079,0.0,0.32653061224489793,0.13305268151070568,-0.0,0.08781620571101652,55.26422726804559,0.07142857142857142
train-ticket_v1.0.0,ts-user-service,3,0.08571428571428572,3,0.08571428571428572,0,0.0,2.5181628363398666e-10,0.0,0.08571428571428572,0.020474228598779225,-0.0,0.05317351290121603,12.049410410090733,0.0
train-ticket_v1.0.0,ts-route-plan-service,4,0.11428571428571428,1,0.02857142857142857,3,0.08571428571428572,8.402494063762366e-11,0.00028011204481792715,0.02857142857142857,0.01808530264305387,0.03914010094253839,0.010515945161310145,24.393796878014893,0.3333333333333333
train-ticket_v1.0.0,ts-payment-service,1,0.02857142857142857,1,0.02857142857142857,0,0.0,5.444842007145911e-08,0.0,0.05142857142857143,0.02120197102407071,-0.0,0.004205525533743652,1.9936021756436029,0.0
train-ticket_v1.0.0,ts-inside-payment-service,5,0.14285714285714285,2,0.05714285714285714,3,0.08571428571428572,1.679206121358046e-10,0.002100840336134454,0.05714285714285714,0.020275151435802115,0.024660743115141385,0.02061698442464351,17.075194382666115,0.15
train-ticket_v1.0.0,ts-seat-service,9,0.2571428571428571,6,0.17142857142857143,3,0.08571428571428572,2.3721501245379898e-05,0.019327731092436976,0.19285714285714284,0.035691794023972885,0.026525459892615327,0.09180515053346831,81.68642107617592,0.1111111111111111
train-ticket_v1.0.0,ts-execute-service,2,0.05714285714285714,0,0.0,2,0.05714285714285714,1.2926913944249795e-13,0.0,0.0,0.01545748409175598,0.023795049504299,-0.0,6.432437117634173,0.0
train-ticket_v1.0.0,ts-travel-plan-service,5,0.14285714285714285,0,0.0,5,0.14285714285714285,1.2926913944249795e-13,0.0,0.0,0.01545748409175598,0.06166435565667192,-0.0,36.03156252272678,0.3
train-ticket_v1.0.0,ts-travel2-service,8,0.22857142857142856,4,0.11428571428571428,4,0.11428571428571428,2.7517909520542843e-08,0.008053221288515405,0.11428571428571428,0.02703171231052088,0.062388691737632514,0.05216906215140307,70.1692856597961,0.17857142857142858
train-ticket_v1.0.0,ts-travel-service,10,0.2857142857142857,6,0.17142857142857143,4,0.11428571428571428,8.20500959943606e-08,0.017296918767507004,0.17500000000000002,0.034278013736774644,0.062388691737632514,0.06966571532496373,97.71209267419671,0.15555555555555556
train-ticket_v1.0.0,ts-admin-order-service,2,0.05714285714285714,0,0.0,2,0.05714285714285714,1.2926913944249795e-13,0.0,0.0,0.01545748409175598,0.023795049504299,-0.0,6.432437117634174,0.0
train-ticket_v1.0.0,ts-admin-travel-service,5,0.14285714285714285,0,0.0,5,0.14285714285714285,1.2926913944249795e-13,0.0,0.0,0.01545748409175598,0.07273938409457543,-0.0,35.79718626177077,0.2
train-ticket_v1.0.0,ts-admin-route-service,2,0.05714285714285714,0,0.0,2,0.05714285714285714,1.2926913944249795e-13,0.0,0.0,0.01545748409175598,0.032137489737124644,-0.0,6.036703763488904,0.0
train-ticket_v1.0.0,mail-server,1,0.02857142857142857,1,0.02857142857142857,0,0.0,2.7266222506048342e-08,0.0,0.03809523809523809,0.03082986850667529,-0.0,1.712992250196408e-18,1.598507395011153,0.0
website,authserver,2,0.5,1,0.25,1,0.25,0.3768150168973653,0.08333333333333333,0.5,0.13073629420628416,-8.713424672675525e-17,0.33333333333333337,3.1036748801962646,0.5
website,backend,2,0.5,1,0.25,1,0.25,0.3768150168973653,0.08333333333333333,0.5,0.13073629420628416,-8.713424672675525e-17,0.3333333333333333,3.1036748801962624,0.5
website,registry,3,0.75,2,0.5,1,0.25,0.49536025092882285,0.5,0.5714285714285714,0.2522506965468279,-0.0,-8.713424672675523e-17,4.36048164199533,0.3333333333333333
website,gateway,5,1.25,2,0.5,3,0.75,0.5732796446078026,0.8333333333333333,0.6666666666666666,0.3555404208343198,1.0000000000000002,-0.0,5.207349760392526,0.1111111111111111
website,user,2,0.5,1,0.25,1,0.25,0.3768150168973653,0.0,0.4444444444444444,0.13073629420628416,-0.0,0.3333333333333333,1.743187248330007,0.0
