MS_system,Microservice,Degree Centrality,Norm. Degree Centrality,In-degree Centrality,Norm. In-degree Centrality,Out-degree Centrality,Norm. Out-degree Centrality,Eigenvector Centrality,Betweenness Centrality,Closeness Centrality,PageRank Centrality,Hub Score,Authority Score,Subgraph Centrality,Clustering
Basilisk,benchmark-service,2,1.0,1,0.5,1,0.5,0.5000000644180599,0.0,0.6666666666666666,0.25675708783778944,0.6442196605204265,-0.40536152371822276,1.5890917783042842,0.0
Basilisk,repository-service,2,1.0,1,0.5,1,0.5,0.5000000644180599,0.0,0.6666666666666666,0.25675708783778944,0.6442196605204265,-0.4053615237182226,1.5890917783042844,0.0
Basilisk,rabbitmq,4,2.0,2,1.0,2,1.0,0.707106690085642,1.0,1.0,0.48648582432442095,-0.28843932104085296,1.8107230474364453,2.17818355660857,0.0
blog-microservices,recommendation-service,2,0.2222222222222222,1,0.1111111111111111,1,0.1111111111111111,0.0007023429664178622,0.0,0.1111111111111111,0.07060311534479217,0.09535936230109009,0.09535936230109009,4.7164471601954245,0.5
blog-microservices,product-service,2,0.2222222222222222,1,0.1111111111111111,1,0.1111111111111111,0.0007023429664178622,0.0,0.1111111111111111,0.07060311534479217,0.09535936230109009,0.09535936230109011,4.716447160195419,0.5
blog-microservices,review-service,2,0.2222222222222222,1,0.1111111111111111,1,0.1111111111111111,0.0007023429664178622,0.0,0.1111111111111111,0.07060311534479217,0.09535936230109009,0.09535936230109011,4.716447160195426,0.5
blog-microservices,composite-service,2,0.2222222222222222,1,0.1111111111111111,1,0.1111111111111111,0.0007023429664178622,0.0,0.1111111111111111,0.07060311534479217,0.09535936230109009,0.09535936230109011,4.716447160195425,0.5
blog-microservices,monitor-dashboard,2,0.2222222222222222,2,0.2222222222222222,0,0.0,0.19665603059700135,0.0,0.2222222222222222,0.10060926075982227,-0.0,0.12706486875288628,4.006338598896438,0.5
blog-microservices,auth-server,1,0.1111111111111111,1,0.1111111111111111,0,0.0,0.0007023429664178622,0.0,0.1111111111111111,0.07060311534479217,-0.0,0.09535936230109011,2.2563440925211866,0.0
blog-microservices,config-server,9,1.0,0,0.0,9,1.0,1.2564274891196087e-06,0.0,0.0,0.0645105077465698,0.4642174581073417,-0.0,19.01870776389698,0.08333333333333333
blog-microservices,turbine-server,3,0.3333333333333333,1,0.1111111111111111,2,0.2222222222222222,0.0007023429664178622,0.0,0.1111111111111111,0.07060311534479217,0.15434509268829794,0.09535936230109011,6.566788058328001,0.3333333333333333
blog-microservices,edge-server,1,0.1111111111111111,1,0.1111111111111111,0,0.0,0.0007023429664178622,0.0,0.1111111111111111,0.07060311534479217,-0.0,0.09535936230109011,2.2563440925211866,0.0
blog-microservices,discovery-server,6,0.6666666666666666,6,0.6666666666666666,0,0.0,0.9804707811193331,0.0,0.6666666666666666,0.34065842408006297,-0.0,0.20541959513948313,13.385217574796213,0.16666666666666666
DentalAppointment,appointment-service,4,0.6666666666666666,2,0.3333333333333333,2,0.3333333333333333,0.002058380196541285,0.06666666666666667,0.3333333333333333,0.14620274501181085,0.15868900785631862,0.2643796279639155,6.066377824059518,0.16666666666666666
DentalAppointment,approval-service,3,0.5,1,0.16666666666666666,2,0.3333333333333333,6.895746052064601e-06,0.0,0.16666666666666666,0.10259859070446277,0.29098824585026656,0.16767776322883823,5.130296069719514,0.3333333333333333
DentalAppointment,hospital-manage-service,2,0.3333333333333333,2,0.3333333333333333,0,0.0,0.4082523013934066,0.0,0.375,0.16473478288062637,-0.0,0.2204136492706464,3.3151661518864795,0.5
DentalAppointment,gateway-service,4,0.6666666666666666,0,0.0,4,0.6666666666666666,1.15700437115178e-08,0.0,0.0,0.08461751995426615,0.5045637777898735,-0.0,6.628297879195503,0.25
DentalAppointment,message-service,4,0.6666666666666666,2,0.3333333333333333,2,0.3333333333333333,0.002058380196541285,0.1,0.3333333333333333,0.14620274501181085,0.04575896850354142,0.2643796279639155,5.326081651029264,0.08333333333333333
DentalAppointment,personal-info-service,2,0.3333333333333333,2,0.3333333333333333,0,0.0,0.8164908228647528,0.0,0.4444444444444444,0.20888990430659335,-0.0,0.0679426088072463,2.9168784262598972,0.0
DentalAppointment,mail-server,1,0.16666666666666666,1,0.16666666666666666,0,0.0,0.4082454172173981,0.0,0.3,0.14675371213042973,-0.0,0.015206722765438085,1.737871057912454,0.0
geocoder-microservices,geocoderlocal-service,3,0.42857142857142855,2,0.2857142857142857,1,0.14285714285714285,0.2739498934529272,0.0,0.3956043956043956,0.08109091389735376,0.07712832494042735,0.17034287247391858,8.625967989803673,0.5
geocoder-microservices,zuul-gateway,3,0.42857142857142855,2,0.2857142857142857,1,0.14285714285714285,0.5016508008088295,0.16666666666666666,0.46753246753246747,0.2132690657118062,0.05844563101086088,0.11938804623052117,8.625967989803694,0.5
geocoder-microservices,geocoderremote-service,4,0.5714285714285714,3,0.42857142857142855,1,0.14285714285714285,0.2739498934529272,0.023809523809523808,0.42857142857142855,0.08905966389735377,0.07712832494042735,0.21026908129556018,10.970754933985683,0.3333333333333333
geocoder-microservices,hystrix-dashboard,3,0.42857142857142855,2,0.2857142857142857,1,0.14285714285714285,3.915878514234289e-05,0.0,0.14285714285714285,0.14270833333333333,0.04252601517231951,0.11938804623052113,4.607026125820224,0.0
geocoder-microservices,eureka-discovery,4,0.7142857142857142,4,0.5714285714285714,1,0.14285714285714285,0.6788388622026684,0.19047619047619047,0.6428571428571428,0.225720837101623,0.042526015172319534,0.21653098665270848,15.670570213203302,0.35
geocoder-microservices,configurator,6,0.8571428571428571,0,0.0,6,0.8571428571428571,1.3585932775430802e-22,0.0,0.0,0.018750000000000003,0.35619994224721546,-0.0,17.580265111765744,0.23333333333333334
geocoder-microservices,auth-service,6,0.8571428571428571,3,0.42857142857142855,3,0.42857142857142855,0.37071172551201553,0.21428571428571427,0.46753246753246747,0.21065118605852956,0.21270228089171553,0.16408096711677042,18.170728297778446,0.26666666666666666
geocoder-microservices,mongodb,2,0.2857142857142857,0,0.0,2,0.2857142857142857,1.3585932775430802e-22,0.0,0.0,0.018750000000000003,0.13334346562471447,-0.0,4.248957142336201,0.5
java-microservice,oauth,5,0.5,3,0.30000000000000004,2,0.2,2.0072064252964188e-09,0.001851851851851852,0.32000000000000006,0.05710831717864885,0.08060319646843735,0.12398400573356154,53.2971343236408,0.4
java-microservice,admin,8,0.8,2,0.2,6,0.6000000000000001,7.46173392303502e-12,0.001851851851851852,0.22499999999999998,0.05002191885501649,0.1944710910333071,0.0836659545553353,105.75535860303376,0.35714285714285715
java-microservice,api-gateway,5,0.5,3,0.30000000000000004,2,0.2,2.0072064252964188e-09,0.001851851851851852,0.32000000000000006,0.05710831717864885,0.08060319646843735,0.12398400573356157,53.297134323640826,0.4
java-microservice,eureka-server,8,0.8,7,0.7000000000000001,1,0.1,0.008662392767041128,0.001851851851851852,0.7363636363636364,0.16700140685690965,0.03669470642682817,0.1935964024119094,105.75535860303403,0.35714285714285715
java-microservice,mailer,6,0.6000000000000001,4,0.4,2,0.2,6.479584238206726e-05,0.024074074074074074,0.44999999999999996,0.1062844374040581,0.08060319646843735,0.13010156553667118,61.733870269860766,0.3
java-microservice,config-server,8,0.8,1,0.1,7,0.7000000000000001,1.8515468791650158e-14,0.08888888888888889,0.1,0.0687486478820115,0.2134468864853236,-0.0,88.45618978117015,0.26785714285714285
java-microservice,reminder,6,0.6000000000000001,3,0.30000000000000004,3,0.30000000000000004,2.0072064252964188e-09,0.03518518518518519,0.32000000000000006,0.05710831717864885,0.09396057646006184,0.12398400573356157,61.733870269860795,0.3
java-microservice,zookeeper,7,0.7000000000000001,0,0.0,7,0.7000000000000001,2.3000582349875937e-17,0.0,0.0,0.037161566412897175,0.19010956005011992,-0.0,69.99440722519932,0.2619047619047619
java-microservice,kafka,3,0.30000000000000004,2,0.2,1,0.1,4.0344851000004915e-07,0.011111111111111112,0.2777777777777778,0.05785461570320189,0.029507590139047295,0.05889386561862631,15.319109865738456,0.3333333333333333
java-microservice,github-repository,1,0.1,0,0.0,1,0.1,2.3000582349875937e-17,0.0,0.0,0.037161566412897175,-0.0,-0.0,3.403216715866953,0.0
java-microservice,logstash,7,0.7000000000000001,7,0.7000000000000001,0,0.0,0.9999624786725176,0.0,0.7692307692307693,0.3044408889370614,-0.0,0.16179019467677316,84.6956136312975,0.35714285714285715
jhipster-microservices-example,blog,1,0.3333333333333333,1,0.3333333333333333,0,0.0,0.46534075597159397,0.0,0.6,0.21932562327599947,-0.0,0.25000000000000006,1.92917162047747,0.0
jhipster-microservices-example,jhipster-registry,6,2.0,3,1.0,3,1.0,0.7529382190214162,0.5,0.6666666666666666,0.4772422467813183,0.5000000000000001,0.49999999999999994,6.486167159845486,0.0
jhipster-microservices-example,store,2,0.6666666666666666,1,0.3333333333333333,1,0.3333333333333333,0.46534075597159397,0.0,0.4444444444444444,0.21932562327599947,0.25,0.25,1.9291716204774685,0.0
jhipster-microservices-example,github-repository,1,0.3333333333333333,0,0.0,1,0.3333333333333333,6.548137271884931e-07,0.0,0.0,0.08410650666668261,0.25,-0.0,1.9291716204774696,0.0
micro_webshop,zuul,1,0.14285714285714285,1,0.14285714285714285,0,0.0,0.9999881793313397,0.0,0.5384615384615384,0.31884477665983824,0.0,0.0,1.9568839698860552,0.0
micro_webshop,eureka,7,1.0,6,0.8571428571428571,1,0.14285714285714285,0.00486221300693849,0.14285714285714285,0.8571428571428571,0.3132003533789176,0.0,0.6204017721389312,9.754521615465931,0.07142857142857142
micro_webshop,user-proxy,2,0.2857142857142857,0,0.0,2,0.2857142857142857,8.473544436998425e-09,0.0,0.0,0.05262759568113916,0.17819408002075632,0.0,3.21074193973013,0.5
micro_webshop,product-service,2,0.2857142857142857,1,0.14285714285714285,1,0.14285714285714285,5.2366504620650295e-06,0.0,0.14285714285714285,0.06753882307382747,0.1512434012719,0.1345231524157625,3.4286593110560055,0.5
micro_webshop,category-service,2,0.2857142857142857,1,0.14285714285714285,1,0.14285714285714285,5.2366504620650295e-06,0.0,0.14285714285714285,0.06753882307382747,0.1512434012719,0.1345231524157625,3.4286593110560055,0.5
micro_webshop,security-service,2,0.2857142857142857,1,0.14285714285714285,1,0.14285714285714285,5.2366504620650295e-06,0.0,0.14285714285714285,0.07499443677017162,0.1512434012719,0.11055192302954372,3.21074193973013,0.5
micro_webshop,product-proxy,3,0.42857142857142855,0,0.0,3,0.42857142857142855,8.473544436998425e-09,0.0,0.0,0.05262759568113916,0.21683231489164367,0.0,4.784955566712149,0.3333333333333333
micro_webshop,auth-server,1,0.14285714285714285,0,0.0,1,0.14285714285714285,8.473544436998425e-09,0.0,0.0,0.05262759568113916,0.1512434012719,0.0,1.956883969886054,0.0
microservice,order,6,1.2000000000000002,2,0.4,4,0.8,0.3972416642892731,0.016666666666666666,0.4166666666666667,0.13221513109075772,0.39999999999999997,0.25000000000000006,16.743677359577784,0.4166666666666667
microservice,eureka,5,1.0,4,0.8,1,0.2,0.6394365735640087,0.55,0.8333333333333334,0.29910977643350295,1.1102230246251568e-17,0.25,11.888913891327004,0.25
microservice,turbine,1,0.2,0,0.0,1,0.2,1.8906755128622565e-08,0.0,0.0,0.025,0.09999999999999999,-0.0,1.9575755944619078,0.0
microservice,catalog,3,0.6000000000000001,2,0.4,1,0.2,0.3972416642892731,0.016666666666666666,0.5,0.13221513109075772,0.09999999999999999,0.25,7.754000352093867,0.5
microservice,zuul,4,0.8,1,0.2,3,0.6000000000000001,0.34310063953129694,0.5,0.5555555555555556,0.27924483029422387,0.3,2.775557561562892e-17,10.67406215330663,0.4166666666666667
microservice,customer,3,0.6000000000000001,2,0.4,1,0.2,0.3972416642892731,0.016666666666666666,0.5,0.13221513109075772,0.09999999999999999,0.25,7.754000352093867,0.5
microservice-consul,customer,3,0.75,2,0.5,1,0.25,0.2886758916773168,0.0,0.5,0.15749315527829622,0.1162040603780009,0.23240812075600178,7.588038695743817,0.5
microservice-consul,order,6,1.5,2,0.5,4,1.0,0.2886758916773168,0.0,0.25,0.15749315527829622,0.38379593962199915,0.23240812075600178,16.462609568971523,0.4166666666666667
microservice-consul,catalog,3,0.75,2,0.5,1,0.25,0.2886758916773168,0.0,0.5,0.15749315527829622,0.1162040603780009,0.23240812075600178,7.588038695743819,0.5
microservice-consul,apache,4,1.0,0,0.0,4,1.0,6.8825712323911e-08,0.0,0.0,0.10228921028293508,0.38379593962199915,-0.0,10.460932571545493,0.4166666666666667
microservice-consul,consul,4,1.0,4,1.0,0,0.0,0.8660246467006083,0.0,1.0,0.4252313238821763,-0.0,0.3027756377319947,10.460932571545493,0.4166666666666667
microservice-kafka,invoicing,4,0.6666666666666666,3,0.5,1,0.16666666666666666,0.49999681456137834,0.02222222222222222,0.6666666666666666,0.21969609229904852,0.02447978048125733,0.320295537119521,4.234923112034731,0.0
microservice-kafka,order,5,0.8333333333333333,3,0.5,2,0.3333333333333333,2.1750658588830508e-05,0.02222222222222222,0.3333333333333333,0.05838509316770188,0.11687022471844177,0.28412669175457106,8.25626378825659,0.0
microservice-kafka,shipping,4,0.6666666666666666,3,0.5,1,0.16666666666666666,0.49999681456137834,0.02222222222222222,0.6666666666666666,0.21969609229904852,0.02447978048125733,0.3202955371195211,4.2349231120347355,0.0
microservice-kafka,zookeeper,1,0.16666666666666666,0,0.0,1,0.16666666666666666,1.609872131072037e-21,0.0,0.0,0.021428571428571432,0.02447978048125733,-0.0,1.7381916041801828,0.0
microservice-kafka,kafka,6,1.0,4,0.6666666666666666,2,0.3333333333333333,0.7071112857138246,0.2,0.75,0.4379370079484866,0.20830318178780582,0.07528223400638698,5.440920329597852,0.0
microservice-kafka,apache,3,0.5,0,0.0,3,0.5,1.609872131072037e-21,0.0,0.0,0.021428571428571432,0.3006936260249903,-0.0,4.512993395947266,0.0
microservice-kafka,postgres,3,0.5,0,0.0,3,0.5,1.609872131072037e-21,0.0,0.0,0.021428571428571432,0.3006936260249903,-0.0,4.512993395947266,0.0
microservices-basics-spring-boot,web-portal,2,0.2222222222222222,1,0.1111111111111111,1,0.1111111111111111,1.6123963679684943e-07,0.0,0.14814814814814814,0.051542500776523684,0.09714375174504716,0.10188481768928531,5.228008684453085,0.5
microservices-basics-spring-boot,user-webservice,2,0.2222222222222222,1,0.1111111111111111,1,0.1111111111111111,1.6123963679684943e-07,0.0,0.14814814814814814,0.051542500776523684,0.09714375174504716,0.10188481768928527,5.22800868445308,0.5
microservices-basics-spring-boot,api-gateway,2,0.2222222222222222,2,0.2222222222222222,0,0.0,0.9999755431137416,0.0,0.5079365079365079,0.2787600941372,-0.0,0.11344292992258632,5.228008684453085,0.5
microservices-basics-spring-boot,comments-webservice,3,0.3333333333333333,2,0.2222222222222222,1,0.1111111111111111,3.8429081414311945e-05,0.0,0.25,0.0734482178899997,0.09714375174504716,0.14030894276737493,8.200944053374828,0.5
microservices-basics-spring-boot,auth-server,2,0.2222222222222222,1,0.1111111111111111,1,0.1111111111111111,1.6123963679684943e-07,0.0,0.14814814814814814,0.051542500776523684,0.09714375174504716,0.10188481768928527,5.228008684453086,0.5
microservices-basics-spring-boot,webservice-registry,6,0.7777777777777777,6,0.6666666666666666,1,0.1111111111111111,0.006993689831066879,0.06944444444444445,0.6805555555555556,0.26731392467566467,0.0465335861786274,0.23682403886361234,18.59356023749085,0.16666666666666666
microservices-basics-spring-boot,task-webservice,3,0.3333333333333333,1,0.1111111111111111,2,0.2222222222222222,1.6123963679684943e-07,0.0,0.14814814814814814,0.051542500776523684,0.15469760974530505,0.10188481768928527,8.200944053374826,0.5
microservices-basics-spring-boot,configserver,9,1.0,1,0.1111111111111111,8,0.8888888888888888,4.5228331934592504e-10,0.1111111111111111,0.1111111111111111,0.07968989258633094,0.41019379709587894,-1.3006683318066518e-17,22.200197159060252,0.09722222222222222
microservices-basics-spring-boot,zipkin-tracing,1,0.1111111111111111,1,0.1111111111111111,0,0.0,1.6123963679684943e-07,0.0,0.14814814814814814,0.051542500776523684,-0.0,0.10188481768928527,2.330399230333479,0.0
microservices-basics-spring-boot,github-repository,1,0.1111111111111111,0,0.0,1,0.1111111111111111,6.334500270951321e-13,0.0,0.0,0.043075366828186495,-5.335260817861332e-18,-0.0,2.3303992303334784,0.0
piggymetrics,statistics-service,6,0.5454545454545454,4,0.36363636363636365,2,0.18181818181818182,0.26523205405413647,0.11742424242424242,0.3875598086124402,0.08791469882052211,0.06519481179649779,0.15545175854203058,31.98076035053464,0.2
piggymetrics,account-service,5,0.4545454545454546,3,0.2727272727272727,2,0.18181818181818182,0.26523200647433176,0.035606060606060606,0.33471074380165294,0.07057828319097886,0.06519481179649779,0.14474074584744584,29.836366571468652,0.3
piggymetrics,notification-service,6,0.5454545454545454,3,0.2727272727272727,3,0.2727272727272727,0.26523200647433176,0.11742424242424242,0.33471074380165294,0.07057828319097886,0.07001931682916739,0.14474074584744584,31.980760350534695,0.2
piggymetrics,config,8,0.7272727272727273,0,0.0,8,0.7272727272727273,2.7988120421127733e-09,0.0,0.0,0.02039589481432946,0.2834264303404358,-0.0,53.96830383278326,0.25
piggymetrics,turbine-stream-service,4,0.36363636363636365,2,0.18181818181818182,2,0.18181818181818182,0.22061787337685412,0.13636363636363635,0.35064935064935066,0.11415243553874742,0.07616272436227756,0.06943643543910796,13.852060659818056,0.16666666666666666
piggymetrics,registry,7,0.6363636363636364,6,0.5454545454545454,1,0.09090909090909091,0.6266380685980338,0.3,0.6136363636363636,0.17080468701713342,0.020973942586677837,0.17011919447886503,49.80489772818864,0.30952380952380953
piggymetrics,monitoring,2,0.18181818181818182,2,0.18181818181818182,0,0.0,0.11616821751225165,0.0,0.303030303030303,0.07107771185110065,-0.0,0.08202548796185902,5.389333160829709,0.5
piggymetrics,auth-service,6,0.5454545454545454,2,0.18181818181818182,4,0.36363636363636365,0.17374458957759972,0.0022727272727272726,0.3068181818181818,0.05820876012407887,0.1857825013868611,0.10236210307766974,43.12720919693459,0.4
piggymetrics,gateway,6,0.5454545454545454,2,0.18181818181818182,4,0.36363636363636365,0.3299617866701907,0.3090909090909091,0.4090909090909091,0.1677467533696517,0.16531582080480256,0.06943643543910798,43.12720919693459,0.4
piggymetrics,rabbitmq,4,0.36363636363636365,3,0.2727272727272727,1,0.09090909090909091,0.4189824369878622,0.12727272727272726,0.4090909090909091,0.10775334691346221,0.020973942586677834,0.0457150637472299,13.609054360032259,0.0
piggymetrics,external-website,1,0.09090909090909091,0,0.0,1,0.09090909090909091,2.7988120421127733e-09,0.0,0.0,0.02039589481432946,0.04695569751010452,-0.0,2.351749254460778,0.0
piggymetrics,mail-server,1,0.09090909090909091,1,0.09090909090909091,0,0.0,0.13966068731568285,0.0,0.28409090909090906,0.04039325035468705,-0.0,0.015972029619237934,2.3517492544607785,0.0
qbike,qbike-order,2,0.15384615384615385,1,0.07692307692307693,1,0.07692307692307693,4.099802538091645e-05,0.08974358974358974,0.28994082840236685,0.13105525590869324,-1.5439317556821528e-17,-1.581945092620998e-16,2.799476004739108,0.0
qbike,qbike-intention,2,0.15384615384615385,0,0.0,2,0.15384615384615385,4.640609939184292e-11,0.0,0.0,0.027648511854444342,-3.859829389205382e-17,0.0,2.9483034835629427,0.5
qbike,microservice-api-gateway,1,0.07692307692307693,1,0.07692307692307693,0,0.0,0.9999726001588425,0.0,0.3076923076923077,0.20426883403655144,0.0,-5.932294097328741e-17,1.773279891226245,0.0
qbike,qbike-trip,2,0.15384615384615385,1,0.07692307692307693,1,0.07692307692307693,2.5244918069162532e-08,0.0,0.07692307692307693,0.03939911198037081,-1.5439317556821528e-17,-1.1864588194657482e-16,2.9483034835629427,0.5
qbike,eureka,5,0.38461538461538464,4,0.3076923076923077,1,0.07692307692307693,0.00740251651074171,0.07051282051282051,0.3878205128205128,0.2077844780188232,-1.1579488167616144e-17,-7.90972546310499e-17,5.4864234957341464,0.05
qbike,qbike-uc,1,0.07692307692307693,0,0.0,1,0.07692307692307693,4.640609939184292e-11,0.0,0.0,0.027648511854444342,-1.5439317556821528e-17,0.0,1.773279891226246,0.0
qbike,mysql,4,0.3076923076923077,4,0.3076923076923077,0,0.0,1.0084045397847462e-07,0.0,0.3076923076923077,0.07465091235815023,0.0,0.4384471871911697,4.838092574204749,0.0
qbike,rabbit,7,0.5384615384615385,6,0.46153846153846156,1,0.07692307692307693,1.5123747791801683e-07,0.11538461538461538,0.46153846153846156,0.1216533128618561,-3.0878635113643057e-17,0.5615528128088305,8.331993607433292,0.0
qbike,uc,2,0.15384615384615385,0,0.0,2,0.15384615384615385,4.640609939184292e-11,0.0,0.0,0.027648511854444342,0.19519410160110381,0.0,3.1008868849144497,0.0
qbike,intention,2,0.15384615384615385,0,0.0,2,0.15384615384615385,4.640609939184292e-11,0.0,0.0,0.027648511854444342,0.19519410160110381,0.0,3.10088688491445,0.0
qbike,position,2,0.15384615384615385,0,0.0,2,0.15384615384615385,4.640609939184292e-11,0.0,0.0,0.027648511854444342,0.19519410160110381,0.0,3.1008868849144506,0.0
qbike,order,2,0.15384615384615385,0,0.0,2,0.15384615384615385,4.640609939184292e-11,0.0,0.0,0.027648511854444342,0.19519410160110381,0.0,3.10088688491445,0.0
qbike,api-gateway,1,0.07692307692307693,0,0.0,1,0.07692307692307693,4.640609939184292e-11,0.0,0.0,0.027648511854444342,0.10961179679779245,0.0,1.9013762340895228,0.0
qbike,zipkin,1,0.07692307692307693,0,0.0,1,0.07692307692307693,4.640609939184292e-11,0.0,0.0,0.027648511854444342,0.10961179679779245,0.0,1.9013762340895233,0.0
sample-spring-cloud-webflux,account-service,2,0.6666666666666666,1,0.3333333333333333,1,0.3333333333333333,0.40464740714322783,0.08333333333333333,0.5,0.17359061775974502,0.3891959976571905,0.18140680466697648,3.018586034359641,0.5
sample-spring-cloud-webflux,gateway-service,3,1.0,1,0.3333333333333333,2,0.6666666666666666,0.509824843885418,0.6666666666666666,0.6,0.3202132182582236,0.22160800468561898,-0.0,4.2482186084603235,0.3333333333333333
sample-spring-cloud-webflux,customer-service,2,0.6666666666666666,1,0.3333333333333333,1,0.3333333333333333,0.40464740714322783,0.08333333333333333,0.5,0.17359061775974502,0.3891959976571905,0.18140680466697648,3.018586034359638,0.5
sample-spring-cloud-webflux,discovery-service,3,1.0,2,0.6666666666666666,1,0.3333333333333333,0.6423391474460629,0.6666666666666666,0.75,0.33260554622228633,-0.0,0.637186390666047,4.248218608460324,0.3333333333333333
sample-spring-microservices-new,employee-service,6,1.0,4,0.6666666666666666,2,0.3333333333333333,0.41064359295813796,0.01944444444444444,0.6944444444444445,0.15208833571064295,0.1171791300210556,0.22989013911845813,40.501024746909906,0.43333333333333335
sample-spring-microservices-new,config-service,5,0.8333333333333333,0,0.0,5,0.8333333333333333,2.841403644981221e-09,0.0,0.0,0.04677950356121037,0.23215924990755374,-0.0,32.24421470078811,0.5
sample-spring-microservices-new,department-service,6,1.0,3,0.5,3,0.5,0.2596387533348084,0.01944444444444444,0.5208333333333334,0.1185103813086247,0.1838326557713051,0.18094253623713366,40.50102474690997,0.43333333333333335
sample-spring-microservices-new,gateway-service,6,1.0,2,0.3333333333333333,4,0.6666666666666666,0.2822569628232754,0.24166666666666667,0.5208333333333334,0.20239082697121777,0.21111267600203762,0.06698640819460466,40.50102474690997,0.43333333333333335
sample-spring-microservices-new,organization-service,6,1.0,2,0.3333333333333333,4,0.6666666666666666,0.16416243087442012,0.01944444444444444,0.4166666666666667,0.0977404536970177,0.23629448838685155,0.11802635449522407,40.50102474690998,0.43333333333333335
sample-spring-microservices-new,discovery-service,5,0.8333333333333333,4,0.6666666666666666,1,0.16666666666666666,0.48531051223501426,0.2,0.6944444444444445,0.17371729542423742,0.01942179991119643,0.20487922967682118,32.24421470078807,0.5
sample-spring-microservices-new,zipkin,4,0.6666666666666666,4,0.6666666666666666,0,0.0,0.6494728379774994,0.0,0.75,0.2087732033270492,-0.0,0.19927533227775823,22.10246074744421,0.5
scaffold-cloud,scaffold-txmanager,1,0.1,0,0.0,1,0.1,4.079132128042394e-08,0.0,0.0,0.038009153614678264,0.10961179679779244,-0.0,2.1145251814990242,0.0
scaffold-cloud,scaffold-business-thirdparty-service,1,0.1,0,0.0,1,0.1,4.079132128042394e-08,0.0,0.0,0.038009153614678264,0.10961179679779244,-0.0,2.1145251814990247,0.0
scaffold-cloud,scaffold-business-job-service,1,0.1,0,0.0,1,0.1,4.079132128042394e-08,0.0,0.0,0.038009153614678264,0.10961179679779244,-0.0,2.114525181499025,0.0
scaffold-cloud,scaffold-business-sys-service,1,0.1,0,0.0,1,0.1,4.079132128042394e-08,0.0,0.0,0.038009153614678264,0.10961179679779244,-0.0,2.1145251814990274,0.0
scaffold-cloud,scaffold-zuul,1,0.1,1,0.1,0,0.0,0.9999837812788224,0.0,0.5263157894736842,0.31541108770506693,-0.0,-0.0,2.114525181499026,0.0
scaffold-cloud,demo,2,0.2,1,0.1,1,0.1,2.1252278387100894e-05,0.0,0.1,0.054162853357142896,0.10961179679779244,0.1096117967977924,3.441969860765576,0.5
scaffold-cloud,scaffold-config-server,2,0.2,0,0.0,2,0.2,4.079132128042394e-08,0.0,0.0,0.038009153614678264,0.12310562561766056,-0.0,3.441969860765577,0.5
scaffold-cloud,scaffold-eureka,10,1.0,9,0.9,1,0.1,0.00569532506849404,0.1,0.9,0.32635283002036375,-0.0,0.8903882032022076,12.843210581917283,0.011111111111111112
scaffold-cloud,scaffold-route-openapi,1,0.1,0,0.0,1,0.1,4.079132128042394e-08,0.0,0.0,0.038009153614678264,0.10961179679779244,-0.0,2.1145251814990256,0.0
scaffold-cloud,scaffold-route-app,1,0.1,0,0.0,1,0.1,4.079132128042394e-08,0.0,0.0,0.038009153614678264,0.10961179679779244,-0.0,2.1145251814990256,0.0
scaffold-cloud,scaffold-route-operate,1,0.1,0,0.0,1,0.1,4.079132128042394e-08,0.0,0.0,0.038009153614678264,0.10961179679779244,-0.0,2.1145251814990265,0.0
spring-boot-microservices,web-portal,2,0.25,1,0.125,1,0.125,1.3816254809107192e-07,0.0,0.16666666666666666,0.05450541910175816,0.10458552283059945,0.10961179679779239,5.077498110389767,0.5
spring-boot-microservices,user-webservice,2,0.25,1,0.125,1,0.125,1.3816254809107192e-07,0.0,0.16666666666666666,0.05450541910175816,0.10458552283059945,0.1096117967977924,5.0774981103897705,0.5
spring-boot-microservices,api-gateway,2,0.25,2,0.25,0,0.0,0.9999779497621056,0.0,0.5714285714285714,0.29478168167818747,-0.0,0.12310562561766057,5.07749811038977,0.5
spring-boot-microservices,comments-webservice,3,0.375,2,0.25,1,0.125,3.4679044702143115e-05,0.0,0.28125,0.07767040751940794,0.10458552283059945,0.1576707807867546,7.9940481237647765,0.5
spring-boot-microservices,auth-server,2,0.25,1,0.125,1,0.125,1.3816254809107192e-07,0.0,0.16666666666666666,0.05450541910175816,0.10458552283059945,0.1096117967977924,5.0774981103897705,0.5
spring-boot-microservices,webservice-registry,7,0.875,6,0.75,1,0.125,0.0066406917458309315,0.08928571428571427,0.765625,0.2826802960932523,0.045855228305994186,0.28077640640441526,18.16319233495069,0.16666666666666666
spring-boot-microservices,task-webservice,3,0.375,1,0.125,2,0.25,1.3816254809107192e-07,0.0,0.16666666666666666,0.05450541910175816,0.16331581735520467,0.1096117967977924,7.994048123764779,0.5
spring-boot-microservices,configserver,8,1.0,1,0.125,7,0.875,3.679415680614434e-10,0.125,0.125,0.08233875539291105,0.37248686301640344,-5.6697080812810675e-18,19.86872976452676,0.125
spring-boot-microservices,github-repository,1,0.125,0,0.0,1,0.125,4.892840000817072e-13,0.0,0.0,0.044507182909208486,-2.1118917774151368e-18,-0.0,2.2465975656829764,0.0
spring-boot-microservices-workshop,movie-info-service,2,0.6666666666666666,1,0.3333333333333333,1,0.3333333333333333,0.00141043442971899,0.0,0.3333333333333333,0.18250774704106643,0.25000000000000006,0.24999999999999994,3.018586034359641,0.5
spring-boot-microservices-workshop,ratings-data-service,2,0.6666666666666666,1,0.3333333333333333,1,0.3333333333333333,0.00141043442971899,0.0,0.3333333333333333,0.18250774704106643,0.25000000000000006,0.25,3.0185860343596342,0.5
spring-boot-microservices-workshop,movie-catalog-service,3,1.0,0,0.0,3,1.0,1.989329237967547e-06,0.0,0.0,0.14221347058250372,0.5,-0.0,4.248218608460323,0.3333333333333333
spring-boot-microservices-workshop,discovery-server,3,1.0,3,1.0,0,0.0,0.9999980106707621,0.0,1.0,0.49277103533536337,-0.0,0.5000000000000001,4.248218608460325,0.3333333333333333
spring-cloud-movie-recommendation,recommendation-service,3,0.5,2,0.3333333333333333,1,0.16666666666666666,0.3260452355881756,0.01111111111111111,0.5,0.11126077435422355,0.08769526483955306,0.2126952648395531,8.195422334738803,0.5
spring-cloud-movie-recommendation,config-service,6,1.0,1,0.16666666666666666,5,0.8333333333333333,9.520910961475607e-07,0.16666666666666666,0.16666666666666666,0.039642857142857146,0.41230473516044697,-0.0,16.08903817483178,0.23333333333333334
spring-cloud-movie-recommendation,recommendation-client,5,0.8333333333333333,2,0.3333333333333333,3,0.5,0.47023922052392453,0.3,0.6,0.29326603689398517,0.2630857945186591,0.14921894064178778,14.63980266377325,0.35
spring-cloud-movie-recommendation,eureka-service,5,0.8333333333333333,4,0.6666666666666666,1,0.16666666666666666,0.6782024686853445,0.3,0.75,0.31188021147191536,0.06152367580223477,0.2126952648395531,14.63980266377325,0.35
spring-cloud-movie-recommendation,user-service,3,0.5,2,0.3333333333333333,1,0.16666666666666666,0.3260452355881756,0.01111111111111111,0.5,0.11126077435422355,0.08769526483955306,0.212695264839553,8.195422334738812,0.5
spring-cloud-movie-recommendation,movie-service,3,0.5,2,0.3333333333333333,1,0.16666666666666666,0.3260452355881756,0.01111111111111111,0.5,0.11126077435422355,0.08769526483955306,0.212695264839553,8.195422334738812,0.5
spring-cloud-movie-recommendation,github-repository,1,0.16666666666666666,0,0.0,1,0.16666666666666666,5.2893949785975594e-08,0.0,0.0,0.021428571428571432,-0.0,-0.0,2.0946572940427095,0.0
spring-netflix-oss-microservices,monitor-dashboard,3,0.30000000000000004,2,0.2,1,0.1,0.30150973737994724,0.0,0.2777777777777778,0.07285779509336383,0.09590117694307354,0.15122926047847152,8.14344098130092,0.5
spring-netflix-oss-microservices,card-statement-composite,2,0.2,1,0.1,1,0.1,2.7911798542742605e-08,0.0,0.13333333333333333,0.03933063340348146,0.09590117694307354,0.10081950698564761,5.093547759024742,0.5
spring-netflix-oss-microservices,card-service,2,0.2,1,0.1,1,0.1,2.7911798542742605e-08,0.0,0.13333333333333333,0.03933063340348146,0.09590117694307354,0.10081950698564761,5.093547759024736,0.5
spring-netflix-oss-microservices,discovery-service,7,0.7000000000000001,6,0.6000000000000001,1,0.1,0.603020515752043,0.07777777777777778,0.6230769230769231,0.2350813065404388,0.040988230569264816,0.26411010564593274,18.366645781538992,0.16666666666666666
spring-netflix-oss-microservices,statement-service,2,0.2,1,0.1,1,0.1,2.7911798542742605e-08,0.0,0.13333333333333333,0.03933063340348146,0.09590117694307354,0.10081950698564761,5.093547759024738,0.5
spring-netflix-oss-microservices,config-server,8,0.8,1,0.1,7,0.7000000000000001,1.7971379343415767e-09,0.08888888888888889,0.1,0.05941491175645415,0.3426164772030291,-5.406780569697078e-18,20.079380108199242,0.125
spring-netflix-oss-microservices,turbine,5,0.5,2,0.2,3,0.30000000000000004,0.30150971295010354,0.08888888888888889,0.26666666666666666,0.11833137580328333,0.17130823860151465,0.11288084516746115,9.214350415574726,0.16666666666666666
spring-netflix-oss-microservices,edge-server,2,0.2,2,0.2,0,0.0,0.6030272985998916,0.0,0.47619047619047616,0.23914865468260812,-0.0,0.11288084516746115,5.093547759024738,0.5
spring-netflix-oss-microservices,rabbitmq,3,0.30000000000000004,2,0.2,1,0.1,0.3015097112652867,0.044444444444444446,0.22857142857142856,0.09294207344633654,0.040988230569264816,0.056440422583730575,2.4879990654972666,0.0
spring-netflix-oss-microservices,github-repository,1,0.1,0,0.0,1,0.1,5.6160560448174285e-11,0.0,0.0,0.03211599123353549,-1.9632592961134825e-18,-0.0,2.250658672002503,0.0
spring-netflix-oss-microservices,monitor,1,0.1,0,0.0,1,0.1,5.6160560448174285e-11,0.0,0.0,0.03211599123353549,0.020494115284632408,-0.0,1.59645667036449,0.0
springcloudmicroservices,serviceregistry,4,1.0,3,0.75,1,0.25,0.6648867549668096,0.6666666666666666,0.8,0.3133386863470054,-0.0,0.33333333333333354,7.472245278081528,0.3333333333333333
springcloudmicroservices,user-service,3,0.75,1,0.25,2,0.5,0.2804949094378756,0.027777777777777776,0.4444444444444444,0.1139626654009123,0.3333333333333333,0.16666666666666663,5.820453410423058,0.5
springcloudmicroservices,rating-service,3,0.75,2,0.5,1,0.25,0.46267980837456346,0.027777777777777776,0.5714285714285714,0.16239657568664012,0.1666666666666667,0.3333333333333333,5.82045341042306,0.5
springcloudmicroservices,hotel-service,2,0.5,1,0.25,1,0.25,0.2804949094378756,0.027777777777777776,0.4444444444444444,0.1139626654009123,0.1666666666666667,0.16666666666666663,3.5215224343071854,0.5
springcloudmicroservices,api-gateway,4,1.0,1,0.25,3,0.75,0.4318543846611479,0.6666666666666666,0.5714285714285714,0.2963394071645301,0.33333333333333315,-0.0,7.472245278081528,0.3333333333333333
Tap-And-Eat-MicroServices,account-service,2,0.25,1,0.125,1,0.125,1.3267115142541953e-05,0.0,0.16666666666666666,0.06707434728122996,0.09663029763214671,0.09663029763214667,5.314362863440286,0.5
Tap-And-Eat-MicroServices,config-service,8,1.0,1,0.125,7,0.875,3.972172385559247e-08,0.125,0.125,0.10132508616575098,0.3203317631475988,7.297456209535694e-19,22.454261244820593,0.14285714285714285
Tap-And-Eat-MicroServices,foodtray-service,4,0.5,1,0.125,3,0.375,1.3267115142541953e-05,0.0,0.16666666666666666,0.06707434728122996,0.1965167486916676,0.09663029763214673,12.060955833459005,0.4166666666666667
Tap-And-Eat-MicroServices,discovery-service,7,0.875,7,0.875,0,0.0,0.9999912201485119,0.0,0.8888888888888888,0.4034498030493021,-0.0,0.30165693430664414,20.64356237917526,0.19047619047619047
Tap-And-Eat-MicroServices,price-service,3,0.375,2,0.25,1,0.125,0.0029630155098586816,0.0,0.28125,0.08607858290787834,0.09663029763214671,0.15591093758238445,8.86626177383822,0.5
Tap-And-Eat-MicroServices,store-service,2,0.25,1,0.125,1,0.125,1.3267115142541953e-05,0.0,0.16666666666666666,0.06707434728122996,0.09663029763214671,0.09663029763214673,5.314362863440286,0.5
Tap-And-Eat-MicroServices,customer-service,2,0.25,1,0.125,1,0.125,1.3267115142541953e-05,0.0,0.16666666666666666,0.06707434728122996,0.09663029763214671,0.09663029763214673,5.3143628634402855,0.5
Tap-And-Eat-MicroServices,item-service,3,0.375,2,0.25,1,0.125,0.0029630155098586816,0.0,0.28125,0.08607858290787834,0.09663029763214671,0.15591093758238445,8.86626177383822,0.5
Tap-And-Eat-MicroServices,github-repository,1,0.125,0,0.0,1,0.125,5.937477407412925e-11,0.0,0.0,0.054770555844270034,2.3376070140929625e-19,-0.0,2.3066786185210444,0.0
train-ticket_v0.0.1,ts-contacts-service,4,0.10526315789473684,3,0.07894736842105263,1,0.02631578947368421,4.8808224560365315e-08,0.0007112375533428165,0.07894736842105263,0.01753298479302776,0.014490467581042823,0.04479348771269909,32.72578335737011,0.16666666666666666
train-ticket_v0.0.1,ts-admin-user-service,1,0.02631578947368421,0,0.0,1,0.02631578947368421,8.001348288584478e-10,0.0,0.0,0.013367004552363499,0.014490467581042823,-0.0,3.9813918346966224,0.0
train-ticket_v0.0.1,ts-food-map-service,1,0.02631578947368421,1,0.02631578947368421,0,0.0,3.208540663722377e-07,0.0,0.047368421052631574,0.017690813072177874,-0.0,0.004692434525375636,2.4035604566326296,0.0
train-ticket_v0.0.1,ts-notification-service,4,0.10526315789473684,3,0.07894736842105263,1,0.02631578947368421,4.8808224560365315e-08,0.0021337126600284497,0.07894736842105263,0.01753298479302776,1.4378817940924676e-19,0.04825912217768909,22.353120953283696,0.0
train-ticket_v0.0.1,ts-login-service,2,0.05263157894736842,0,0.0,2,0.05263157894736842,8.001348288584478e-10,0.0,0.0,0.013367004552363499,0.015458853641253045,-0.0,4.968206017906936,0.0
train-ticket_v0.0.1,ts-cancel-service,5,0.13157894736842105,0,0.0,5,0.13157894736842105,8.001348288584478e-10,0.0,0.0,0.013367004552363499,0.0527320859743278,-0.0,45.09604847947963,0.2
train-ticket_v0.0.1,ts-config-service,2,0.05263157894736842,2,0.05263157894736842,0,0.0,0.15557938191968215,0.0,0.13844393592677345,0.02075222277404817,-0.0,0.01342109187651349,6.584492551694108,0.0
train-ticket_v0.0.1,ts-assurance-service,3,0.07894736842105263,2,0.05263157894736842,1,0.02631578947368421,3.280552798319636e-08,0.0,0.05263157894736842,0.015260631934483617,0.014490467581042823,0.03961883269198528,27.693921153788974,0.3333333333333333
train-ticket_v0.0.1,ts-order-other-service,11,0.2894736842105263,9,0.23684210526315788,2,0.05263157894736842,0.2655907028714275,0.007112375533428165,0.2807017543859649,0.05225631700379134,0.03069494888773904,0.0768843056471705,172.24654687236136,0.12727272727272726
train-ticket_v0.0.1,ts-route-service,5,0.13157894736842105,5,0.13157894736842105,0,0.0,0.330030971151111,0.0,0.2117794486215539,0.04490081819614763,-0.0,0.027126694401465704,26.61683236243881,0.1
train-ticket_v0.0.1,ts-price-service,3,0.07894736842105263,3,0.07894736842105263,0,0.0,0.265587110266046,0.0,0.1588345864661654,0.033246136190991496,-0.0,0.009776101982650788,8.281286615639653,0.16666666666666666
train-ticket_v0.0.1,ts-preserve-service,12,0.3157894736842105,0,0.0,12,0.3157894736842105,8.001348288584478e-10,0.0,0.0,0.013367004552363499,0.1213107446163909,-0.0,181.3024785868081,0.09090909090909091
train-ticket_v0.0.1,ts-security-service,4,0.10526315789473684,2,0.05263157894736842,2,0.05263157894736842,3.280552798319636e-08,0.0007112375533428165,0.05263157894736842,0.015260631934483617,0.025592680450260006,0.03961883269198528,49.642782723801346,0.16666666666666666
train-ticket_v0.0.1,ts-consign-service,3,0.07894736842105263,2,0.05263157894736842,1,0.02631578947368421,3.280552798319636e-08,0.001422475106685633,0.05263157894736842,0.015260631934483617,-2.300610870547948e-18,0.03961883269198528,15.316495823893147,0.0
train-ticket_v0.0.1,ts-train-service,4,0.10526315789473684,4,0.10526315789473684,0,0.0,0.330030803122797,0.0,0.20215311004784692,0.03256855037211028,-0.0,0.02448066147704058,20.659749369876405,0.0
train-ticket_v0.0.1,ts-order-service,11,0.2894736842105263,9,0.23684210526315788,2,0.05263157894736842,0.26559267920445473,0.007823613086770981,0.2929061784897025,0.052991389955955176,0.03069494888773904,0.07702342573846306,175.44097165768488,0.12727272727272726
train-ticket_v0.0.1,ts-verification-code-service,2,0.05263157894736842,2,0.05263157894736842,0,0.0,3.280552798319636e-08,0.0,0.05263157894736842,0.022835141462964087,-0.0,0.005823622184557571,2.6911859240051386,0.0
train-ticket_v0.0.1,ts-food-service,5,0.13157894736842105,2,0.05263157894736842,3,0.07894736842105263,3.280552798319636e-08,0.0017780938833570413,0.05263157894736842,0.015260631934483617,0.028638144732352766,0.03961883269198528,48.89886297624104,0.15
train-ticket_v0.0.1,ts-rebook-service,8,0.21052631578947367,0,0.0,8,0.21052631578947367,8.001348288584478e-10,0.0,0.0,0.013367004552363499,0.09690029959509548,-0.0,146.88834810727178,0.25
train-ticket_v0.0.1,ts-register-service,3,0.07894736842105263,0,0.0,3,0.07894736842105263,8.001348288584478e-10,0.0,0.0,0.013367004552363499,0.020082981644035203,-0.0,9.22323323504674,0.0
train-ticket_v0.0.1,ts-admin-basic-info-service,5,0.13157894736842105,0,0.0,5,0.13157894736842105,8.001348288584478e-10,0.0,0.0,0.013367004552363499,0.031581158697432415,-0.0,15.805563438101565,0.0
train-ticket_v0.0.1,ts-consign-price-service,1,0.02631578947368421,1,0.02631578947368421,0,0.0,3.208540663722377e-07,0.0,0.047368421052631574,0.02633843011180662,-0.0,-1.3835276089010244e-17,1.8238452881922467,0.0
train-ticket_v0.0.1,ts-basic-service,5,0.13157894736842105,1,0.02631578947368421,4,0.10526315789473684,0.1555792138913681,0.0021337126600284497,0.12246963562753037,0.025545544985193916,0.026411682776233535,0.00027382402089998556,22.459947602539046,0.05
train-ticket_v0.0.1,ts-preserve-other-service,12,0.3157894736842105,0,0.0,12,0.3157894736842105,8.001348288584478e-10,0.0,0.0,0.013367004552363499,0.12048482197579719,-0.0,177.36556384066728,0.08333333333333333
train-ticket_v0.0.1,ts-station-service,10,0.2631578947368421,10,0.2631578947368421,0,0.0,0.48561602522659497,0.0,0.34133126934984526,0.07857256609857717,-0.0,0.09744954074043403,150.81878657393054,0.07777777777777778
train-ticket_v0.0.1,ts-route-plan-service,5,0.13157894736842105,1,0.02631578947368421,4,0.10526315789473684,1.6802831406027405e-08,0.0002370791844476055,0.02631578947368421,0.015260631934483617,0.043219234021261696,0.010618150938739622,46.3153263339015,0.25
train-ticket_v0.0.1,ts-ticketinfo-service,7,0.18421052631578946,5,0.13157894736842105,2,0.05263157894736842,0.22002295475620884,0.01422475106685633,0.17543859649122806,0.028655213930552936,0.001671160652177881,0.06521536714601471,76.28920500787521,0.11904761904761904
train-ticket_v0.0.1,ts-payment-service,1,0.02631578947368421,1,0.02631578947368421,0,0.0,4.7287968385534255e-07,0.0,0.06015037593984962,0.01927364665112158,-0.0,0.0043108832058422,2.4236150291750067,0.0
train-ticket_v0.0.1,ts-inside-payment-service,6,0.15789473684210525,3,0.07894736842105263,3,0.07894736842105263,4.8808224560365315e-08,0.004267425320056899,0.07894736842105263,0.020846832711737966,0.026309519398844565,0.02780830448487674,45.32007821340681,0.13333333333333333
train-ticket_v0.0.1,ts-seat-service,11,0.2894736842105263,6,0.15789473684210525,5,0.13157894736842105,0.22002297075890542,0.013513513513513514,0.17763157894736842,0.030075434467143024,0.05032838517521864,0.08109273335073225,166.38773154237745,0.18867924528301888
train-ticket_v0.0.1,ts-execute-service,2,0.05263157894736842,0,0.0,2,0.05263157894736842,8.001348288584478e-10,0.0,0.0,0.013367004552363499,0.025592680450260006,-0.0,13.842035076272197,0.0
train-ticket_v0.0.1,ts-travel-plan-service,6,0.15789473684210525,0,0.0,6,0.15789473684210525,8.001348288584478e-10,0.0,0.0,0.013367004552363499,0.06480306581352914,-0.0,74.36071187579999,0.3
train-ticket_v0.0.1,ts-travel2-service,11,0.2894736842105263,6,0.15789473684210525,5,0.13157894736842105,0.15557959795608592,0.013217164532954009,0.16396761133603238,0.03166427006149543,0.04569531649859576,0.06525262301798113,131.73234315103963,0.12962962962962962
train-ticket_v0.0.1,ts-travel-service,12,0.3157894736842105,7,0.18421052631578946,5,0.13157894736842105,0.15557991801001747,0.021040777619724987,0.1937799043062201,0.0359880785813098,0.04571845020350198,0.07008038711691089,153.05813235048313,0.11538461538461539
train-ticket_v0.0.1,ts-admin-order-service,2,0.05263157894736842,0,0.0,2,0.05263157894736842,8.001348288584478e-10,0.0,0.0,0.013367004552363499,0.025592680450260006,-0.0,13.842035076272197,0.0
train-ticket_v0.0.1,ts-admin-travel-service,2,0.05263157894736842,0,0.0,2,0.05263157894736842,8.001348288584478e-10,0.0,0.0,0.013367004552363499,0.022503966835011067,-0.0,11.86541167721239,0.0
train-ticket_v0.0.1,ts-sso-service,11,0.2894736842105263,11,0.2894736842105263,0,0.0,0.3756084809112418,0.0,0.35695006747638325,0.11238838130180291,-0.0,0.08714190748600202,136.58052215643355,0.09090909090909091
train-ticket_v0.0.1,ts-admin-route-service,1,0.02631578947368421,0,0.0,1,0.02631578947368421,8.001348288584478e-10,0.0,0.0,0.013367004552363499,0.004510785879554409,-0.0,2.0977042383204587,0.0
train-ticket_v0.0.1,mail-server,1,0.02631578947368421,1,0.02631578947368421,0,0.0,4.7287968385534255e-07,0.0,0.06015037593984962,0.028270023631873517,-0.0,8.647047555631402e-19,1.9624646315351506,0.0
train-ticket_v1.0.0,ts-contacts-service,3,0.08571428571428572,3,0.08571428571428572,0,0.0,2.5181628363398666e-10,0.0,0.08571428571428572,0.020474228598779225,-0.0,0.05502416092375843,11.962054753755886,0.0
train-ticket_v1.0.0,ts-notification-service,2,0.05714285714285714,1,0.02857142857142857,1,0.02857142857142857,8.402494063762366e-11,0.0008403361344537816,0.02857142857142857,0.01808530264305387,8.815345635872811e-20,0.006890115959341961,2.6013917891190386,0.0
train-ticket_v1.0.0,ts-cancel-service,5,0.14285714285714285,0,0.0,5,0.14285714285714285,1.2926913944249795e-13,0.0,0.0,0.01545748409175598,0.04040288861487748,-0.0,14.872778211740506,0.1
train-ticket_v1.0.0,ts-config-service,2,0.05714285714285714,2,0.05714285714285714,0,0.0,0.003845828086800145,0.0,0.15031055900621118,0.028198268465005,-0.0,0.013264289422778111,5.094163862480831,0.0
train-ticket_v1.0.0,ts-assurance-service,2,0.05714285714285714,2,0.05714285714285714,0,0.0,1.679206121358046e-10,0.0,0.05714285714285714,0.017846410047481335,-0.0,0.046283396941874055,8.981459248546614,0.0
train-ticket_v1.0.0,ts-order-other-service,8,0.22857142857142856,6,0.19999999999999998,1,0.02857142857142857,0.0038459372350687624,0.00273109243697479,0.2472527472527472,0.05586099008193015,0.018076677362311673,0.05036657287434972,41.35614977441587,0.07142857142857142
train-ticket_v1.0.0,ts-route-service,6,0.19999999999999998,6,0.19999999999999998,0,0.0,0.0038695223218230155,0.0,0.23047619047619045,0.05155767494114836,-0.0,0.06830719867496035,48.91876868783647,0.16666666666666666
train-ticket_v1.0.0,ts-price-service,2,0.05714285714285714,2,0.05714285714285714,0,0.0,0.003845773722405005,0.0,0.1382857142857143,0.024646434999403534,-0.0,0.01748218610728272,5.05986802118967,0.0
train-ticket_v1.0.0,ts-preserve-service,11,0.3142857142857143,0,0.0,11,0.3142857142857143,1.2926913944249795e-13,0.0,0.0,0.01545748409175598,0.13903094173993827,-0.0,83.99939571638457,0.06363636363636363
train-ticket_v1.0.0,ts-security-service,4,0.11428571428571428,2,0.05714285714285714,2,0.05714285714285714,1.679206121358046e-10,0.0008403361344537816,0.05714285714285714,0.017846410047481335,0.023795049504299018,0.046283396941874055,24.041711766019752,0.16666666666666666
train-ticket_v1.0.0,ts-consign-service,3,0.08571428571428572,2,0.05714285714285714,1,0.02857142857142857,1.679206121358046e-10,0.0016806722689075631,0.05714285714285714,0.017846410047481335,-1.4104553017396498e-18,0.046283396941874055,9.958915942203546,0.0
train-ticket_v1.0.0,ts-train-service,6,0.19999999999999998,6,0.19999999999999998,0,0.0,0.0038694951396254515,0.0,0.23047619047619045,0.045119637527192974,-0.0,0.07540856739765467,52.61160673573367,0.16666666666666666
train-ticket_v1.0.0,ts-order-service,9,0.2571428571428571,8,0.22857142857142856,1,0.02857142857142857,0.0038459373189644345,0.0035714285714285718,0.2571428571428571,0.058050838874678386,0.018076677362311673,0.06522939204174501,53.16418552382257,0.08333333333333333
train-ticket_v1.0.0,ts-food-service,5,0.14285714285714285,2,0.05714285714285714,3,0.08571428571428572,1.679206121358046e-10,0.004201680672268908,0.05714285714285714,0.017846410047481335,0.015444515391195275,0.046283396941874055,20.7789804017349,0.05
train-ticket_v1.0.0,ts-station-food-service,2,0.05714285714285714,2,0.05714285714285714,0,0.0,5.453231574295719e-08,0.0,0.07619047619047618,0.033653029481750966,-0.0,0.002729656175845894,2.673654199725188,0.0
train-ticket_v1.0.0,ts-rebook-service,6,0.17142857142857143,0,0.0,6,0.17142857142857143,1.2926913944249795e-13,0.0,0.0,0.01545748409175598,0.08049285975843298,-0.0,41.12442466093225,0.16666666666666666
train-ticket_v1.0.0,ts-train-food-service,1,0.02857142857142857,1,0.02857142857142857,0,0.0,5.444842007145911e-08,0.0,0.05142857142857143,0.020513936725261514,-0.0,0.002633834006165394,2.0201898350183236,0.0
train-ticket_v1.0.0,ts-admin-basic-info-service,5,0.14285714285714285,0,0.0,5,0.14285714285714285,1.2926913944249795e-13,0.0,0.0,0.01545748409175598,0.05125488680494361,-0.0,12.862536951211881,0.0
train-ticket_v1.0.0,ts-food-delivery-service,1,0.02857142857142857,0,0.0,1,0.02857142857142857,1.2926913944249795e-13,0.0,0.0,0.01545748409175598,0.000561890753549349,-0.0,1.5990762102232428,0.0
train-ticket_v1.0.0,ts-consign-price-service,1,0.02857142857142857,1,0.02857142857142857,0,0.0,5.444842007145911e-08,0.0,0.05142857142857143,0.03062684199227257,-0.0,-6.851969000785631e-18,1.7625693155731015,0.0
train-ticket_v1.0.0,ts-basic-service,8,0.22857142857142856,4,0.11428571428571428,4,0.11428571428571428,2.3721333454036893e-05,0.013025210084033614,0.16530612244897958,0.030874126679926756,0.05125874608673854,0.06756233690685659,73.42186361024245,0.14285714285714285
train-ticket_v1.0.0,ts-preserve-other-service,11,0.3142857142857143,0,0.0,11,0.3142857142857143,1.2926913944249795e-13,0.0,0.0,0.01545748409175598,0.13236985069887175,-0.0,78.25189828213092,0.05454545454545454
train-ticket_v1.0.0,ts-station-service,8,0.22857142857142856,8,0.22857142857142856,0,0.0,0.9999554439287079,0.0,0.32653061224489793,0.13305268151070568,-0.0,0.08781620571101652,55.26422726804559,0.07142857142857142
train-ticket_v1.0.0,ts-user-service,3,0.08571428571428572,3,0.08571428571428572,0,0.0,2.5181628363398666e-10,0.0,0.08571428571428572,0.020474228598779225,-0.0,0.053173512901216004,12.049410410090733,0.0
train-ticket_v1.0.0,ts-route-plan-service,4,0.11428571428571428,1,0.02857142857142857,3,0.08571428571428572,8.402494063762366e-11,0.00028011204481792715,0.02857142857142857,0.01808530264305387,0.039140100942538364,0.010515945161310148,24.393796878014893,0.3333333333333333
train-ticket_v1.0.0,ts-payment-service,1,0.02857142857142857,1,0.02857142857142857,0,0.0,5.444842007145911e-08,0.0,0.05142857142857143,0.02120197102407071,-0.0,0.004205525533743656,1.9936021756436029,0.0
train-ticket_v1.0.0,ts-inside-payment-service,5,0.14285714285714285,2,0.05714285714285714,3,0.08571428571428572,1.679206121358046e-10,0.002100840336134454,0.05714285714285714,0.020275151435802115,0.024660743115141402,0.02061698442464352,17.075194382666115,0.15
train-ticket_v1.0.0,ts-seat-service,9,0.2571428571428571,6,0.17142857142857143,3,0.08571428571428572,2.3721501245379898e-05,0.019327731092436976,0.19285714285714284,0.035691794023972885,0.026525459892615344,0.09180515053346834,81.68642107617592,0.1111111111111111
train-ticket_v1.0.0,ts-execute-service,2,0.05714285714285714,0,0.0,2,0.05714285714285714,1.2926913944249795e-13,0.0,0.0,0.01545748409175598,0.023795049504299018,-0.0,6.432437117634173,0.0
train-ticket_v1.0.0,ts-travel-plan-service,5,0.14285714285714285,0,0.0,5,0.14285714285714285,1.2926913944249795e-13,0.0,0.0,0.01545748409175598,0.06166435565667191,-0.0,36.03156252272678,0.3
train-ticket_v1.0.0,ts-travel2-service,8,0.22857142857142856,4,0.11428571428571428,4,0.11428571428571428,2.7517909520542843e-08,0.008053221288515405,0.11428571428571428,0.02703171231052088,0.0623886917376325,0.05216906215140304,70.1692856597961,0.17857142857142858
train-ticket_v1.0.0,ts-travel-service,10,0.2857142857142857,6,0.17142857142857143,4,0.11428571428571428,8.20500959943606e-08,0.017296918767507004,0.17500000000000002,0.034278013736774644,0.0623886917376325,0.06966571532496368,97.71209267419671,0.15555555555555556
train-ticket_v1.0.0,ts-admin-order-service,2,0.05714285714285714,0,0.0,2,0.05714285714285714,1.2926913944249795e-13,0.0,0.0,0.01545748409175598,0.023795049504299018,-0.0,6.432437117634174,0.0
train-ticket_v1.0.0,ts-admin-travel-service,5,0.14285714285714285,0,0.0,5,0.14285714285714285,1.2926913944249795e-13,0.0,0.0,0.01545748409175598,0.07273938409457541,-0.0,35.79718626177077,0.2
train-ticket_v1.0.0,ts-admin-route-service,2,0.05714285714285714,0,0.0,2,0.05714285714285714,1.2926913944249795e-13,0.0,0.0,0.01545748409175598,0.03213748973712464,-0.0,6.036703763488904,0.0
train-ticket_v1.0.0,mail-server,1,0.02857142857142857,1,0.02857142857142857,0,0.0,2.7266222506048342e-08,0.0,0.03809523809523809,0.03082986850667529,-0.0,4.282480625491019e-19,1.598507395011153,0.0
website,authserver,2,0.6666666666666666,1,0.3333333333333333,1,0.3333333333333333,0.40464740714322783,0.08333333333333333,0.5,0.17359061775974502,0.2597693983579925,0.32453481537931406,3.018586034359641,0.5
website,backend,2,0.6666666666666666,1,0.3333333333333333,1,0.3333333333333333,0.40464740714322783,0.08333333333333333,0.5,0.17359061775974502,0.2597693983579925,0.32453481537931395,3.0185860343596342,0.5
website,registry,3,1.0,2,0.6666666666666666,1,0.3333333333333333,0.6423391474460629,0.6666666666666666,0.75,0.33260554622228633,4.748090749107637e-17,0.3509303692413719,4.248218608460323,0.3333333333333333
website,gateway,3,1.0,1,0.3333333333333333,2,0.6666666666666666,0.509824843885418,0.6666666666666666,0.6,0.3202132182582236,0.48046120328401487,6.414339988883522e-17,4.248218608460325,0.3333333333333333
